"p_val","avg_log2FC","pct.1","pct.2","p_val_adj","cluster","gene"
1.27247982197506e-296,3.16163767134565,0.3,0.06,4.91253560071693e-292,"0","IRX1"
0,2.92435929633863,0.413,0.09,0,"0","SYT1"
0,2.78631542772758,0.521,0.122,0,"0","LINC00632"
2.41643715632661e-243,2.78030128752689,0.256,0.05,9.3288972857145e-239,"0","MASP1"
3.06322383669719e-230,2.73325363719577,0.287,0.071,1.18258819439532e-225,"0","NECTIN1"
0,2.73156822818467,0.444,0.105,0,"0","ELAVL4"
0,2.67797256638956,0.473,0.127,0,"0","NPPA"
0,2.60730281561079,0.416,0.105,0,"0","LRRC4C"
0,2.55342000949404,0.581,0.172,0,"0","AVIL"
0,2.54927856597941,0.52,0.129,0,"0","ENSG00000245651"
0,2.5383157869236,0.394,0.103,0,"0","MIAT"
0,2.52476747267332,0.963,0.367,0,"0","TSPAN31"
2.35081332298622e-224,2.49465848645357,0.321,0.091,9.07554991472062e-220,"0","VIPR2"
1.58908797942566e-243,2.48780312608662,0.375,0.12,6.13483305337071e-239,"0","EEF1AKMT3"
0,2.44990287196863,0.888,0.243,0,"0","BASP1"
0,2.4345292223403,0.487,0.137,0,"0","KLRC2"
8.56086444324719e-278,2.42908769531802,0.383,0.109,3.30500732696001e-273,"0","AGAP2"
0,2.40645914622938,0.709,0.321,0,"0","BTG2"
0,2.38649759544847,0.484,0.147,0,"0","TOX3"
0,2.36876576072566,0.796,0.236,0,"0","TNR"
0,3.70295047384428,0.472,0.074,0,"1","NXPH4"
4.48409426248156e-276,2.89580156376528,0.312,0.062,1.73112943097363e-271,"1","RGS6"
0,2.8461949721807,0.398,0.082,0,"1","NDUFA4L2"
0,2.72426207102308,0.801,0.274,0,"1","IGFBP3"
2.29435278906924e-198,2.55670767957259,0.283,0.07,8.85757837748072e-194,"1","ME1"
0,2.5216490715964,0.391,0.081,0,"1","PAX8-AS1"
6.85934259134173e-183,2.50147239199936,0.28,0.074,2.64811780081339e-178,"1","MAF"
1.6364964892066e-221,2.47007871021293,0.309,0.075,6.317858346231e-217,"1","DNAH11"
0,2.43428485586764,0.653,0.162,0,"1","ANGPTL4"
9.78172463350509e-163,2.4080026156306,0.258,0.069,3.77633261201098e-158,"1","FRMD3"
0,2.35964747419757,0.539,0.152,0,"1","TNC"
0,2.32630186841118,0.876,0.463,0,"1","HILPDA"
3.1941055332694e-233,2.25248977536081,0.378,0.109,1.23311638217398e-228,"1","SYNPO"
1.02060097981715e-269,2.25007511403137,0.381,0.095,3.94013214268207e-265,"1","BHLHE40"
1.02991186961424e-243,2.22802574421628,0.547,0.239,3.97607776383274e-239,"1","LPL"
0,2.17036383910832,0.619,0.247,0,"1","ARRDC3"
5.81319537640925e-173,2.17018152944095,0.479,0.237,2.24424220701655e-168,"1","CMC4"
0,2.14781699205228,0.981,0.501,0,"1","VOPP1"
5.86280743806304e-238,2.08108089020204,0.351,0.089,2.26339543953862e-233,"1","CXCL14"
0,2.07248957822625,0.957,0.506,0,"1","S100A10"
0,4.67871200066376,0.517,0.037,0,"2","FKBP9P1"
0,3.5781277446201,0.491,0.076,0,"2","SERPINE1"
0,3.37195786128788,0.295,0.028,0,"2","CP"
0,3.12517573506158,0.902,0.157,0,"2","SEPTIN14"
0,3.09664078817696,0.557,0.092,0,"2","SPOCD1"
0,2.98211125157618,0.377,0.07,0,"2","SDCBP2"
3.63661471736181e-292,2.95258705095221,0.319,0.054,1.4039514777847e-287,"2","KBTBD11-AS1"
1.139206832558e-274,2.84368265102853,0.269,0.038,4.3980218977734e-270,"2","PCSK1"
0,2.83489840197487,0.96,0.465,0,"2","LGALS3"
0,2.75695758779984,0.791,0.182,0,"2","NNMT"
5.60580797504429e-185,2.70650359026153,0.292,0.071,2.1641782268456e-180,"2","NHSL1-AS1"
0,2.5662437067498,0.786,0.234,0,"2","CA12"
9.50054046814695e-221,2.56036523249738,0.274,0.052,3.66777865313281e-216,"2","CDH5"
3.53350117675816e-219,2.52794616883294,0.278,0.054,1.36414346429926e-214,"2","RIN1"
1.79492881309234e-264,2.51820107023601,0.374,0.085,6.9295021758243e-260,"2","CD163L1"
0,2.51455194926099,0.559,0.106,0,"2","MGP"
0,2.48039669139111,0.786,0.167,0,"2","XIST"
0,2.43258433451076,0.725,0.257,0,"2","TCIM"
1.77739384402144e-232,2.36762489080898,0.493,0.177,6.86180667422916e-228,"2","GPAT4"
1.00960279312905e-159,2.30802706244663,0.344,0.106,3.89767254315399e-155,"2","LOX"
0,4.40300644086705,0.466,0.026,0,"3","MCM10"
0,3.88532604586573,0.404,0.029,0,"3","DTL"
0,3.7905300880172,0.462,0.036,0,"3","RMI2"
0,3.66036907011562,0.583,0.061,0,"3","TK1"
0,3.63749329879875,0.442,0.039,0,"3","CDC6"
0,3.5670216864924,0.415,0.04,0,"3","ESCO2"
0,3.49002459969862,0.589,0.055,0,"3","E2F1"
0,3.42524562367043,0.531,0.062,0,"3","MYBL2"
0,3.38988405236672,0.455,0.041,0,"3","CCNE2"
0,3.34833940330695,0.328,0.035,0,"3","LRRC26"
0,3.33890251320341,0.42,0.036,0,"3","FAM111B"
0,3.32558488319181,0.729,0.084,0,"3","CLSPN"
0,3.2047498858356,0.379,0.044,0,"3","PKMYT1"
0,3.19322625314631,0.53,0.063,0,"3","CDT1"
0,3.16143958279879,0.355,0.042,0,"3","CDCA5"
0,3.15921558991303,0.731,0.101,0,"3","MCM4"
0,3.11235527286912,0.751,0.105,0,"3","GINS2"
6.45726216525461e-231,3.09013739296156,0.254,0.031,2.4928906315182e-226,"3","ENSG00000286456"
0,3.08575524532529,0.586,0.083,0,"3","ATAD2"
0,3.07649060109651,0.505,0.067,0,"3","CHEK1"
0,4.30611618493647,0.771,0.061,0,"4","CHRNA1"
0,4.07422567418976,0.349,0.026,0,"4","CCN4"
0,3.99840237124143,0.639,0.05,0,"4","NOS2"
0,3.87915312742704,0.513,0.055,0,"4","MFAP4"
0,3.72605935218966,0.567,0.048,0,"4","TRDC"
0,3.61700060921179,0.887,0.126,0,"4","DCN"
0,3.59089463595317,0.629,0.106,0,"4","CYTL1"
0,3.35030523761379,0.466,0.05,0,"4","CPNE4"
0,3.28833672327987,0.465,0.068,0,"4","BAALC-AS2"
0,3.26798236966605,0.627,0.1,0,"4","CHST8"
0,3.17830392766701,0.602,0.093,0,"4","TRPM3"
0,3.16000324710454,0.837,0.163,0,"4","CCDC80"
0,3.1521135316805,0.365,0.049,0,"4","CREB3L1"
0,3.14784678887287,0.397,0.056,0,"4","RPH3A"
0,3.14147331583462,0.409,0.063,0,"4","NEUROD1"
0,3.06835172635327,0.54,0.089,0,"4","TMEM178A"
1.20510062050033e-179,2.99132271951485,0.263,0.043,4.65241145550358e-175,"4","SERPINI1"
0,2.91988427668812,0.497,0.077,0,"4","TENM2"
1.93569090260055e-224,2.85476011775915,0.34,0.059,7.47292829857967e-220,"4","FAT3"
2.66431156168041e-208,2.84497426043437,0.289,0.046,1.02858412150234e-203,"4","ITGA10"
0,4.98130035583411,0.258,0.014,0,"5","CPS1"
0,4.31773923736499,0.359,0.021,0,"5","REM1"
0,3.9932504250933,0.816,0.088,0,"5","BCAS1"
0,3.96673235507488,0.904,0.09,0,"5","GPR17"
0,3.9333975860095,0.535,0.034,0,"5","MIR219A2HG"
0,3.8980956812906,0.398,0.027,0,"5","ENSG00000290469"
4.99790224333844e-245,3.89328241240922,0.251,0.027,1.92949014006324e-240,"5","DAPL1"
0,3.80467808178719,0.459,0.039,0,"5","FAM242B"
0,3.79939418218879,0.462,0.032,0,"5","ENSG00000261786"
0,3.6808759247946,0.544,0.043,0,"5","LINC03048"
0,3.52542133165487,0.496,0.052,0,"5","ZNF488"
0,3.46900339002301,0.959,0.189,0,"5","FGF12"
0,3.36044886641319,0.52,0.059,0,"5","ERBB3"
0,3.29424814770043,0.863,0.212,0,"5","LINC03018"
0,3.29017259361246,0.825,0.11,0,"5","TNS3"
0,3.21358372938453,0.293,0.025,0,"5","FA2H"
0,3.18370930921394,0.491,0.056,0,"5","TSHR"
0,3.02140674435692,0.938,0.173,0,"5","PLP1"
0,3.01466349512732,0.304,0.031,0,"5","LIMS2"
0,3.01217196204381,0.968,0.242,0,"5","FERMT1"
0,5.92202089899547,0.336,0.013,0,"6","FAM180A"
3.74588833858362e-256,5.66376424853311,0.352,0.058,1.44613765199359e-251,"6","SLPI"
0,4.81117740323278,0.379,0.026,0,"6","SOD3"
0,4.75122026356961,0.785,0.082,0,"6","DEPP1"
0,4.43794897435211,0.405,0.032,0,"6","NPPC"
0,4.23913761515135,0.617,0.1,0,"6","PCOLCE"
0,4.20102809158588,0.359,0.035,0,"6","MOXD1"
0,3.90664814919812,0.446,0.061,0,"6","MAP3K7CL"
0,3.72759796733937,0.515,0.105,0,"6","NPTX2"
0,3.63357339414282,0.379,0.03,0,"6","GJA1"
2.75770626749043e-278,3.61235521101188,0.281,0.031,1.06464008162736e-273,"6","EPS8L2"
0,3.56516349355138,0.841,0.147,0,"6","CD44"
7.88577051041531e-300,3.52094943691184,0.375,0.055,3.04438056325093e-295,"6","SPNS2"
0,3.51576844185539,0.273,0.024,0,"6","MGST1"
0,3.47981039067856,0.779,0.188,0,"6","ERRFI1"
0,3.46997334765179,0.519,0.095,0,"6","SOCS2"
0,3.46487244606254,0.42,0.062,0,"6","CHI3L2"
1.9192826260598e-302,3.4624160816727,0.296,0.031,7.40958250616646e-298,"6","FMOD"
2.04769484289814e-166,3.34406821678774,0.327,0.074,7.90533071049256e-162,"6","GPX3"
0,3.21364478225648,0.77,0.156,0,"6","SDC2"
4.94114001025129e-257,3.79749257187828,0.394,0.059,1.90757651235761e-252,"7","ENSG00000224272"
2.51713149959502e-98,3.58652794203313,0.321,0.092,9.71763786733652e-94,"7","CDKN1C"
0,3.15898367843001,0.635,0.127,0,"7","CENPV"
1.86969805475889e-112,3.06347470616377,0.267,0.057,7.21815631020219e-108,"7","CA14"
1.47356808497387e-93,2.98887542032979,0.25,0.059,5.68885694885013e-89,"7","FXYD7"
2.97852347039818e-137,2.96360848483988,0.36,0.087,1.14988877098192e-132,"7","COL9A2"
4.39786583891675e-111,2.86409768476491,0.253,0.051,1.6978400857722e-106,"7","SEZ6L"
4.67315962952569e-190,2.74209624797125,0.317,0.048,1.80412000657469e-185,"7","H19"
1.57652422758421e-137,2.71195511267717,0.369,0.09,6.08632943301159e-133,"7","CPM"
5.59702041282233e-257,2.70985908017945,0.668,0.188,2.16078570057419e-252,"7","MDFI"
2.78640975338796e-96,2.70596808875984,0.299,0.08,1.07572134939296e-91,"7","ENSG00000278254"
8.66251711842923e-300,2.66866702347178,0.864,0.314,3.34425135874079e-295,"7","LANCL2"
1.79244217035288e-110,2.50916689784652,0.264,0.055,6.91990224286433e-106,"7","ENSG00000231421"
1.17944835530767e-165,2.50707776817099,0.524,0.155,4.55337832050081e-161,"7","PLLP"
1.04127712021162e-119,2.48077469532567,0.399,0.118,4.01995445028896e-115,"7","GPC2"
1.51525070504532e-157,2.39605751799335,0.544,0.18,5.84977687189795e-153,"7","C2orf80"
2.52285417050549e-149,2.36966861192914,0.729,0.363,9.73973081065351e-145,"7","APOD"
5.79646916295046e-75,2.34635296942811,0.392,0.158,2.23778488504865e-70,"7","TUBB4A"
3.79951622294035e-42,2.26825421156208,0.289,0.127,1.46684123302835e-37,"7","CCER2"
3.28754656020693e-111,2.2401927516735,0.399,0.122,1.26919022503349e-106,"7","HOXA7"
0,12.2783933974937,0.47,0,0,"8","FPR1"
0,12.054875449204,0.34,0,0,"8","HCK"
0,11.4776174427757,0.348,0,0,"8","FCGR1BP"
0,11.3162732206856,0.328,0,0,"8","LILRB1"
0,11.1640202868292,0.288,0,0,"8","P2RY13"
0,11.1444719586666,0.642,0.001,0,"8","LY86"
0,11.0481081859386,0.362,0,0,"8","CX3CR1"
0,10.9459941374979,0.334,0,0,"8","NAPSB"
0,10.8402008671827,0.783,0.003,0,"8","TREM2"
0,10.7780905728802,0.894,0.005,0,"8","C1QC"
0,10.6039232724746,0.34,0,0,"8","LINC01736"
0,10.5931966544713,0.405,0,0,"8","CD86"
0,10.5730895717073,0.938,0.015,0,"8","C1QB"
0,10.5549173046755,0.786,0.004,0,"8","VSIG4"
0,10.5292754262647,0.665,0.002,0,"8","RNASE6"
0,10.4894269803148,0.957,0.013,0,"8","C1QA"
0,10.4625978511908,0.755,0.002,0,"8","MS4A6A"
0,10.4293711716477,0.462,0.002,0,"8","S100A8"
0,10.4075156782653,0.767,0.002,0,"8","MS4A7"
0,10.3738589951951,0.617,0.001,0,"8","CSF1R"
0,4.80323318863428,0.281,0.009,0,"9","MIR924HG"
0,4.19907775244077,0.3,0.02,0,"9","H2BC9"
2.83044609929297e-254,3.91318114582728,0.304,0.026,1.09272202109305e-249,"9","OIP5"
1.49548459411864e-198,3.7169657992113,0.291,0.032,5.77346782405442e-194,"9","ARHGAP11B"
4.02640431242454e-279,3.69809592335175,0.349,0.032,1.55443364885462e-274,"9","RAD51"
0,3.55598878865444,0.511,0.064,0,"9","CCNB2"
0,3.49557052544695,0.461,0.05,0,"9","CDC45"
1.05760712199293e-204,3.47372516196041,0.309,0.035,4.08299805516589e-200,"9","KNL1"
0,3.44158947701293,0.479,0.055,0,"9","SPC24"
0,3.32557801314501,0.589,0.053,0,"9","KRBOX1"
1.00701738049079e-186,3.25104030829041,0.326,0.043,3.88769129912275e-182,"9","HJURP"
0,3.21992769021419,0.632,0.098,0,"9","NUSAP1"
8.01033888248497e-164,3.21599367366039,0.277,0.035,3.09247142897215e-159,"9","KIF23"
3.43422634893826e-272,3.14608121509214,0.502,0.073,1.32581742427111e-267,"9","PRC1"
0,3.14148382830318,0.47,0.048,0,"9","ENSG00000231421"
2.47208350119597e-186,3.14137459441833,0.423,0.074,9.54372556471717e-182,"9","CCNB1"
5.30944369561068e-181,3.1342082890625,0.337,0.048,2.04976383312746e-176,"9","CENPA"
0,3.13204071616497,0.782,0.131,0,"9","PCLAF"
7.69850443297885e-184,3.0826126126292,0.379,0.06,2.97208462139581e-179,"9","KNSTRN"
0,3.08145566788169,0.712,0.118,0,"9","UBE2C"
0,4.98076086428343,0.54,0.038,0,"10","H1-3"
1.54907009191066e-306,3.91670428598203,0.337,0.025,5.98033999683029e-302,"10","RPRML"
0,3.87951976452277,0.731,0.061,0,"10","TRDC"
0,3.83814637098772,0.318,0.019,0,"10","APOBEC3B"
0,3.78236863947404,0.513,0.063,0,"10","H1-4"
5.79301209429794e-293,3.78006924041772,0.303,0.02,2.23645024912466e-288,"10","H2BC9"
0,3.68778979335026,0.803,0.065,0,"10","NOS2"
5.73074405626508e-305,3.65418021357399,0.377,0.032,2.2124110503617e-300,"10","KIF23"
9.11505591484007e-273,3.49232237933756,0.509,0.072,3.51895848648316e-268,"10","CCNB1"
0,3.48438677814013,0.638,0.066,0,"10","MFAP4"
0,3.37189025012791,0.606,0.082,0,"10","TPX2"
1.96156888814529e-244,3.31839458671073,0.379,0.042,7.57283284957371e-240,"10","HJURP"
1.58614605307807e-149,3.31601746442371,0.263,0.033,6.12347545251318e-145,"10","FAM83D"
1.64533625961259e-258,3.29694448373478,0.43,0.052,6.35198516386037e-254,"10","NCAPG"
0,3.28148662577132,0.824,0.085,0,"10","CHRNA1"
0,3.24344534697423,0.57,0.072,0,"10","PRC1"
3.55000032367188e-172,3.14761231537017,0.299,0.037,1.37051312495677e-167,"10","DLGAP5"
0,3.09968008708353,0.597,0.087,0,"10","CDK1"
1.87514198676562e-246,3.08814733572717,0.36,0.036,7.23917315410733e-242,"10","BCAR3"
5.79720909470528e-259,3.07912279017542,0.987,0.512,2.23807054310192e-254,"10","UBE2S"
0,5.30459142194169,0.92,0.143,0,"11","ID3"
7.34330939877067e-302,5.0315948062597,0.316,0.022,2.8349580264894e-297,"11","AQP1"
0,4.64823516591705,0.391,0.03,0,"11","FAM107A"
3.01355678114674e-214,4.59729496350815,0.295,0.029,1.16341373092951e-209,"11","BAALC-AS1"
0,4.51695173629539,0.872,0.175,0,"11","AQP4"
8.66149234286326e-223,4.12619748200425,0.305,0.03,3.34385573388579e-218,"11","LIX1"
0,3.89194811105022,0.841,0.221,0,"11","ID4"
1.17447308553539e-135,3.85397125474408,0.272,0.04,4.53417079401793e-131,"11","ENSG00000260850"
3.01924407883182e-122,3.78766825125693,0.364,0.077,1.16560936907381e-117,"11","TAGLN"
6.49248542946583e-295,3.6373448469037,0.697,0.141,2.50648892489958e-290,"11","MGP"
6.77342011910947e-248,3.54155097729496,0.753,0.222,2.6149465711834e-243,"11","NMB"
0,3.46962049732126,0.875,0.247,0,"11","SERPINA3"
4.50265905266271e-265,3.44672204372372,0.726,0.178,1.73829655387096e-260,"11","ID1"
0,3.42490559812609,0.939,0.318,0,"11","APOE"
7.08663074975889e-187,3.33254413966228,0.431,0.076,2.73586466725192e-182,"11","BBOX1"
4.3216021739697e-149,3.3003597055521,0.385,0.074,1.66839773528274e-144,"11","MAOB"
1.7151936495036e-238,3.28186756696066,0.83,0.294,6.6216766032736e-234,"11","HOPX"
8.43945430424059e-109,3.26352020086756,0.282,0.052,3.25813572869512e-104,"11","ABCA8"
5.19204737425605e-229,3.01674606054095,0.967,0.495,2.00444180930529e-224,"11","CRYAB"
4.25857119599531e-74,2.90370378207429,0.301,0.081,1.64406399592595e-69,"11","ADCYAP1R1"
0,5.962434532906,0.747,0.02,0,"12","NMU"
0,5.4453021642801,0.711,0.027,0,"12","KIF20A"
0,5.26266621661501,0.747,0.028,0,"12","NEK2"
0,5.17306700167253,0.968,0.065,0,"12","CDC20"
0,5.15768247935518,0.711,0.03,0,"12","PIF1"
0,5.13640291216331,0.916,0.046,0,"12","PLK1"
0,5.10627762122901,0.832,0.041,0,"12","HMMR"
0,4.98452292576937,0.947,0.065,0,"12","CENPE"
0,4.92078544966898,0.942,0.06,0,"12","ASPM"
0,4.88130851455385,0.805,0.044,0,"12","CDCA8"
0,4.8491528049775,0.868,0.048,0,"12","CENPA"
4.88725736697269e-308,4.77314605648634,0.984,0.125,1.88677457909348e-303,"12","TOP2A"
0,4.76047956066915,0.884,0.053,0,"12","CDCA3"
0,4.73789245524428,0.368,0.012,0,"12","ENSG00000289357"
7.57262299430985e-274,4.72933046011189,0.989,0.154,2.92348683318326e-269,"12","CENPF"
1.10686209757061e-297,4.70933571769614,0.468,0.022,4.27315181388109e-293,"12","KIF18A"
0,4.70109713247538,0.621,0.032,0,"12","TTK"
0,4.68183315234041,0.968,0.095,0,"12","PIMREG"
0,4.67690485402531,0.611,0.035,0,"12","BUB1"
1.86228860603833e-254,4.61379345075602,0.379,0.017,7.18955139247158e-250,"12","RDM1"
0,16.0118993508915,0.394,0,0,"13","CCL14"
0,13.9001087447205,0.725,0,0,"13","ADGRL4"
0,13.1102715885622,0.321,0,0,"13","CA5A"
0,12.9224889938444,0.321,0,0,"13","MYCT1"
0,12.8599189965948,0.908,0.001,0,"13","VWF"
0,12.4401587928518,0.321,0,0,"13","CYYR1"
0,12.295893733776,0.688,0,0,"13","SPINK8"
0,12.0041338349702,0.991,0.011,0,"13","CLDN5"
0,11.8126536302157,0.697,0.001,0,"13","SRARP"
0,11.783436483217,0.56,0,0,"13","ADGRF5"
0,11.4806525888925,0.624,0.001,0,"13","ITIH5"
0,11.1202422471706,0.596,0.002,0,"13","TM4SF18"
0,10.9433140063344,0.477,0.001,0,"13","EMCN"
0,10.8594161279324,0.284,0,0,"13","SLC52A3"
0,10.8255243369184,0.761,0.002,0,"13","ECSCR"
0,10.4303498203711,0.596,0.001,0,"13","ROBO4"
0,10.3784318055408,0.844,0.003,0,"13","ESAM"
0,10.345619615733,0.587,0.001,0,"13","TMEM204"
0,10.2485068469593,0.725,0.001,0,"13","PCAT19"
0,10.2182149149513,0.688,0.005,0,"13","ABCG2"
0,15.0771155892947,0.618,0,0,"14","KRT1"
0,14.901240077161,0.49,0,0,"14","CLEC4OP"
0,14.8316554297616,0.804,0.004,0,"14","TPSAB1"
0,14.4908724800633,0.804,0.005,0,"14","TPSB2"
0,14.136730456779,0.716,0,0,"14","RHEX"
0,14.0010527609964,0.804,0.001,0,"14","CPA3"
0,13.4833383425834,0.794,0,0,"14","MS4A2"
0,13.4199892525525,0.578,0,0,"14","GRAP2"
0,13.1618299622781,0.598,0,0,"14","SLC18A2"
0,12.7500863449224,0.569,0,0,"14","HDC"
0,12.6869643107315,0.48,0,0,"14","IL1RL1"
0,12.4125208355072,0.569,0,0,"14","SIGLEC17P"
0,11.820250936947,0.755,0.001,0,"14","ENSG00000233968"
0,11.2784726018946,0.363,0,0,"14","HECW2-AS1"
0,11.2396908619345,0.373,0,0,"14","RGS13"
0,11.2289138958755,0.363,0,0,"14","SIGLEC6"
0,11.0558484297251,0.294,0,0,"14","MLPH"
0,10.8530242135482,0.814,0.003,0,"14","AREG"
0,10.3611477500213,0.324,0.002,0,"14","NKG7"
0,10.2927089870698,0.412,0.001,0,"14","SVOPL"
0,11.569109808451,0.556,0.001,0,"15","CNDP1"
0,10.8854475992411,0.253,0.001,0,"15","SLC6A15"
0,10.2961270435971,0.626,0.003,0,"15","KLK6"
0,10.0038100369977,0.273,0.002,0,"15","MOBP"
0,9.20366409107559,0.283,0.001,0,"15","SPOCK3"
0,8.89000089933957,0.535,0.006,0,"15","NKX6-2"
0,8.79288734316063,0.424,0.006,0,"15","ERMN"
0,8.61365454422393,0.303,0.003,0,"15","CARNS1"
0,8.59605479000982,0.343,0.003,0,"15","HHATL"
0,8.33276745920217,0.535,0.005,0,"15","MAG"
0,8.16902418733606,0.485,0.006,0,"15","EDIL3"
1.02841916151699e-190,7.7889295895005,0.253,0.005,3.97031501495251e-186,"15","GJB1"
1.1224190323124e-280,7.32687580687314,0.384,0.008,4.33321091614526e-276,"15","ENPP2"
6.06886950112092e-186,7.02910383724036,0.303,0.008,2.34294775960274e-181,"15","CDH19"
1.09519214131243e-174,7.02228437517849,0.333,0.011,4.22809878075077e-170,"15","EFHD1"
0,6.9190724490125,0.788,0.031,0,"15","CLDN11"
1.36069026879229e-263,6.91844655080215,0.424,0.011,5.25308085169951e-259,"15","CAPN3"
3.61338918076986e-229,6.82202611087828,0.404,0.012,1.39498502712801e-224,"15","MOG"
2.4652769779938e-300,6.57470843460582,0.495,0.014,9.51744830124286e-296,"15","MAP7"
1.30214597354465e-115,6.21333672276472,0.263,0.01,5.02706474546648e-111,"15","CYB5R2"
