"cell","mean_signal","sd_signal","min_signal","max_signal"
"SRR10353960_AAACCTGAGATGTCGG",1.00013078551789,0.0654697585351091,0.745620216290968,1.24519797744401
"SRR10353960_AAACCTGTCAACACGT",1.0069614950948,0.0317045290326251,0.905445207887751,1.2986537199176
"SRR10353960_AAAGCAACAGATTGCT",1.00396388927079,0.0749323039572108,0.735507061657159,1.44424606838507
"SRR10353960_AAAGCAAGTATAATGG",1.00850534711918,0.033524287943534,0.895387232988551,1.19401095233906
"SRR10353960_AAAGTAGGTCCAACTA",1.00559883247354,0.0777484080777483,0.728690303131837,1.50779622270782
"SRR10353960_AACACGTCACCCTATC",1.0018042829861,0.0711109904500983,0.722849829420084,1.32584425413595
"SRR10353960_AACCGCGGTATAATGG",0.998794789606069,0.0668077656924775,0.75766506689645,1.32641258088599
"SRR10353960_AACGTTGCAGATGAGC",1.00953705377737,0.0347150887706573,0.90924068773746,1.26672870328697
"SRR10353960_AAGCCGCCAGGAATGC",1.00599579613994,0.0274932511093716,0.902754866626824,1.15286567568574
"SRR10353960_AAGGCAGCATCGACGC",0.99465500874504,0.0669233747839376,0.723653115687124,1.18647843811937
"SRR10353960_ACACCAAGTTACCGAT",1.00661984404072,0.0282947006300052,0.902985509571338,1.16553435530817
"SRR10353960_ACACCCTAGGGTATCG",1.00114748087288,0.0646677515426666,0.813361425166292,1.23098347816138
"SRR10353960_ACAGCCGAGGAGTTGC",1.00578438784934,0.077618798478179,0.704441314523374,1.25089864691669
"SRR10353960_ACAGCCGGTCGCATCG",1.0025324912487,0.0343206408255675,0.892208200986071,1.31873370398814
"SRR10353960_ACGAGCCTCCGTTGTC",1.00279639018925,0.0733676431275554,0.75483601950436,1.30927666567517
"SRR10353960_ACGCCAGAGATGGGTC",0.994446536874925,0.0771389104324552,0.689709758764897,1.34129356814574
"SRR10353960_ACGCCAGTCCGCATCT",1.00642897028158,0.027963427477984,0.884633429104937,1.18667604663075
"SRR10353960_ACGCCGACATCGGAAG",1.00724788808307,0.0344901095064355,0.866043965052686,1.29915987775736
"SRR10353960_ACGGAGATCACAGGCC",1.00660536199346,0.0266225907975104,0.903784447702219,1.16912855431604
"SRR10353960_ACTATCTCAGGTGGAT",1.00315565755451,0.0246733184115438,0.898188935086456,1.14484722868472
"SRR10353960_ACTGATGGTTAGTGGG",1.0036496123694,0.0697805087799013,0.728203682457453,1.30112240105504
"SRR10353960_ACTTACTGTCTTGATG",0.99755216887324,0.0659200372125549,0.743629116729522,1.26199030003962
"SRR10353960_ACTTACTTCAGAGACG",0.998142313214518,0.0773328508188765,0.749252044147656,1.35978060044517
"SRR10353960_AGAATAGCATTAGCCA",1.00086539469604,0.0253239002969327,0.891417960942909,1.13163588083092
"SRR10353960_AGAGCGACAAGGTTTC",1.00825244032907,0.0422325524454709,0.915073178892876,1.41003952756674
"SRR10353960_AGAGCGACATGCAATC",1.00617385216574,0.0276411613556487,0.898909252358189,1.20399484324126
"SRR10353960_AGATTGCGTCTCTTTA",1.00576741874986,0.0301357681722476,0.892932745601557,1.2615282609678
"SRR10353960_AGCGTCGGTAAGTTCC",1.00301070345168,0.0203075591978442,0.894812050829218,1.14137277448201
"SRR10353960_AGGGATGCACTGTTAG",1.00711365140455,0.025089840186263,0.918687722631511,1.14623649685645
"SRR10353960_AGTGAGGCAGGATTGG",1.00432447832888,0.071810495446645,0.705900651337508,1.24486267326494
"SRR10353960_AGTGAGGTCTAAGCCA",1.00650694199678,0.0409374871417241,0.872332802956074,1.21146757863785
"SRR10353960_AGTGGGACACTGTTAG",1.01244448795784,0.0663527763707588,0.733130577727412,1.28036126649945
"SRR10353960_AGTTGGTTCGAGAACG",1.00199756087403,0.0685363454456047,0.747084329311382,1.32375974596994
"SRR10353960_ATCACGAGTGGCTCCA",1.00605073711321,0.0329639267490142,0.912263958342317,1.30206150257361
"SRR10353960_ATCATCTAGGATATAC",0.997939055418079,0.0332836109971543,0.824853935950338,1.16757513796388
"SRR10353960_ATCTACTTCCAGAGGA",1.00751191029251,0.0705647775933303,0.757527195947066,1.26905776072744
"SRR10353960_ATCTGCCAGAGTACAT",1.0048489077145,0.0726599227393712,0.752212613690273,1.27695845320754
"SRR10353960_ATGTGTGAGTTCCACA",1.00340017353049,0.0655675403399776,0.784118747448538,1.38898699478793
"SRR10353960_CAACCTCGTCGTGGCT",1.00496229389047,0.0740542975214442,0.713824036479462,1.29402002235302
"SRR10353960_CAAGAAACAGGCTCAC",1.00852034958098,0.0642603159931494,0.766784718396085,1.36945127410609
"SRR10353960_CAAGAAAGTAACGCGA",0.996197131411818,0.0593268397207186,0.787323937721419,1.29392981243226
"SRR10353960_CACACCTCAGCCACCA",1.00219125283511,0.0667155629012488,0.698535311664021,1.33220218155105
"SRR10353960_CACCAGGCAGACAGGT",1.00973348952059,0.0710603949718426,0.732660591445529,1.32799978700282
"SRR10353960_CAGCAGCAGCCCAATT",1.00817923435913,0.0303749018344238,0.918435178595192,1.22459299935592
"SRR10353960_CAGCAGCAGCTAACTC",1.00707128160816,0.0378203322484162,0.880011660041489,1.19277406169431
"SRR10353960_CAGCAGCCAACACCTA",1.00662264351839,0.0274277967685296,0.883792957494407,1.15823150360019
"SRR10353960_CAGCAGCTCTTGTTTG",1.00387129681578,0.0680276412466212,0.745143960648054,1.28736340295035
"SRR10353960_CAGCCGAAGGATGGAA",0.999497645915879,0.0392356906740375,0.80860701799719,1.20387782005269
"SRR10353960_CAGCGACCACAAGTAA",0.998560783844282,0.0555584849938309,0.797135135668583,1.27296111493781
"SRR10353960_CAGCGACTCGGCGCTA",1.00102247413837,0.0712761170476894,0.746915447053283,1.2953558954518
"SRR10353960_CAGCTAAGTAGGCATG",1.00457759161478,0.0355761151692558,0.898065364383473,1.35604606727225
"SRR10353960_CAGGTGCCATACCATG",1.01106152657315,0.0814726167153538,0.750183243494578,1.54728022618472
"SRR10353960_CATATGGGTGCCTGTG",1.00693712589804,0.0705638765981674,0.74981437266585,1.35450357169141
"SRR10353960_CATATTCGTAGAGCTG",1.0027571135119,0.0652277613270201,0.741414120888658,1.36814501673322
"SRR10353960_CATCAGATCCTATGTT",0.996277301179415,0.0698583571910065,0.749634507558522,1.40582639983648
"SRR10353960_CATCCACAGAGTGAGA",1.01009245129906,0.0770952231170959,0.787146651069499,1.56253233736391
"SRR10353960_CATCGAAAGAGCTGGT",1.01430152498982,0.0692315352234307,0.783575457927915,1.23486572318716
"SRR10353960_CATCGAAGTCCAGTTA",1.00634657526687,0.0740732903338544,0.717963183632981,1.40240041277905
"SRR10353960_CATCGGGCAGTGGGAT",0.998852258992762,0.0596938684581218,0.763512406358367,1.25055601384634
"SRR10353960_CATCGGGGTAAGTGGC",1.000431063415,0.0683468685717997,0.754153032364113,1.35677922367882
"SRR10353960_CATGACACACCAACCG",0.998468028378406,0.0755908278152254,0.696485290968592,1.42529367482633
"SRR10353960_CATGCCTGTCTCATCC",0.996405083710229,0.0710854880805543,0.751495627688202,1.36500644827789
"SRR10353960_CCATTCGAGCTCAACT",1.00054911301545,0.0297120021343981,0.860917971246434,1.19220822577575
"SRR10353960_CCCAATCCACAGCCCA",1.01217651402259,0.0812600833325147,0.732244943867207,1.42380519958662
"SRR10353960_CCCAGTTAGCCGCCTA",1.00762965748712,0.071475688661532,0.75230736321644,1.35408895415157
"SRR10353960_CCGGGATCAAGTTGTC",1.00573622008376,0.0352097463631976,0.864156431071029,1.24351900525614
"SRR10353960_CCGTACTTCTGTGCAA",1.00760704024214,0.0334747784111541,0.905767035665748,1.24923784916702
"SRR10353960_CCTACACGTTCAGTAC",1.00144712902944,0.0601691799535525,0.766715112065981,1.35985053592781
"SRR10353960_CCTACCAGTAGCCTCG",1.00036189692035,0.0659691298092832,0.738338607722555,1.34241456563113
"SRR10353960_CCTCAGTTCTCTTGAT",1.00403757889764,0.0747404765803333,0.75926510167154,1.29533112149028
"SRR10353960_CCTCTGAGTCACCTAA",1.00719394700001,0.0633494937164431,0.757314621930208,1.23661516128351
"SRR10353960_CCTTCGAAGTCGTACT",1.00450890677263,0.0608495317289334,0.763409977867714,1.25201270891476
"SRR10353960_CCTTCGAGTATGAATG",1.00941988350962,0.042803008506762,0.913397577972662,1.4343232444992
"SRR10353960_CGAGAAGGTTCGGCAC",1.00854732620669,0.0389990400692184,0.876864492946099,1.32964997405286
"SRR10353960_CGATTGATCGGAATCT",0.996583579524656,0.0668340519304351,0.759468551633708,1.39500895307852
"SRR10353960_CGCCAAGCAAGTAATG",1.00867205577953,0.0735278050712495,0.772560924201236,1.34094136054287
"SRR10353960_CGCGGTAAGCTGTCTA",1.00825819344011,0.0526201711829426,0.745330739853045,1.21984360689302
"SRR10353960_CGCTATCTCAACACAC",1.00549451255449,0.0718720383173057,0.718853322932664,1.46630495308669
"SRR10353960_CGCTGGATCGTTACGA",1.00948528785769,0.0393252913499416,0.910793131103301,1.32057678699322
"SRR10353960_CGCTTCATCCTGCCAT",1.00366723587757,0.0740239597684013,0.68578381504373,1.46933047902106
"SRR10353960_CGGCTAGCAACTTGAC",1.00625725827701,0.0302017323647561,0.89230057238366,1.13919500599283
"SRR10353960_CGGGTCAAGCAGACTG",1.00432077010264,0.0211931196325911,0.914820403492612,1.23336104370456
"SRR10353960_CGTAGCGTCACAATGC",1.00077311742093,0.0534069544127002,0.765687096140785,1.27198827442659
"SRR10353960_CGTAGGCGTAAACCTC",1.0027710710794,0.072405730961167,0.738278527531264,1.42327630861357
"SRR10353960_CGTCACTAGTGTACGG",1.00262835504288,0.0699971544909051,0.785375479117796,1.43990325612702
"SRR10353960_CGTCCATCACGTTGGC",1.00579141109903,0.02863053348704,0.92246082666994,1.32652116107654
"SRR10353960_CGTGAGCTCTTGCAAG",1.00230504825911,0.0253220841640963,0.906048282350494,1.24967556003237
"SRR10353960_CTAAGACTCTATCCTA",1.01070377024028,0.0701581355666757,0.70688681935613,1.46279225259759
"SRR10353960_CTAATGGGTGGTTTCA",1.00265118328255,0.0306860963347968,0.869467336348921,1.2377941161991
"SRR10353960_CTACACCCACGCATCG",1.00122701225019,0.0678074216052013,0.736628686520994,1.40470011657856
"SRR10353960_CTACCCAGTCCAGTGC",1.0003085719941,0.0683936294054484,0.761017890396841,1.36653509300015
"SRR10353960_CTAGCCTTCCAGTATG",1.00316521761667,0.0447130220699935,0.767464288502892,1.20570124107038
"SRR10353960_CTAGCCTTCTGTACGA",1.0047214251385,0.0301436926268349,0.882251137284946,1.24035661601171
"SRR10353960_CTAGTGACAGACTCGC",1.00099104758464,0.0713379155648153,0.749188874032397,1.42171417521627
"SRR10353960_CTCCTAGCAAGAAAGG",1.00582303733952,0.0316608621816332,0.905351864780865,1.21412067717505
"SRR10353960_CTCGGGAAGACAGGCT",0.996880950107568,0.0317953460455976,0.877411174748534,1.1600657953688
"SRR10353960_CTCGTCAGTGTGCGTC",1.00390473969487,0.0334316263260596,0.895774577996445,1.1529804990308
"SRR10353960_CTCGTCAGTTACGACT",1.00838445600865,0.038376269521455,0.879385238733891,1.27630433089448
"SRR10353960_CTCGTCAGTTGATTGC",1.00627152939388,0.0263524101040994,0.889088301700271,1.17934887758927
"SRR10353960_CTCTAATAGCTATGCT",1.01257616103054,0.0900519324985196,0.72361073777854,1.48673935259522
"SRR10353960_CTCTGGTTCATGTCTT",1.00359695771203,0.0377830004531891,0.854562507817597,1.33711911189422
"SRR10353960_CTGTTTAAGTACGCCC",1.00480095302715,0.0467756302615517,0.874101354029147,1.18359008048716
"SRR10353960_CTTTGCGGTGTTTGTG",1.00374100254115,0.0535191016465367,0.810568172879574,1.19634272576883
"SRR10353960_CTTTGCGTCTATCCTA",1.00163347295273,0.0704014113937783,0.730890975428873,1.39615650911326
"SRR10353960_GAAATGATCAGCGATT",1.00381664979416,0.0690153897549143,0.748899960533267,1.25753029750605
"SRR10353960_GAACATCAGAATCTCC",1.01344681456,0.0775578314255381,0.766663161056299,1.50707454886589
"SRR10353960_GAATGAAAGTTAAGTG",1.00946161835065,0.0412017676016517,0.891163632438765,1.30221691919695
"SRR10353960_GAATGAACAAAGTGCG",1.00789733855841,0.0787902448516947,0.793787781293475,1.5136798982706
"SRR10353960_GAATGAAGTGTTGAGG",1.0019205224886,0.0728614957599,0.699612548403633,1.32352438608694
"SRR10353960_GAATGAATCGGAGGTA",0.996354082311117,0.0699347130182393,0.707474394143387,1.21784913231042
"SRR10353960_GACACGCGTAAATGAC",1.00558338117334,0.0334305422177719,0.873635563271943,1.27401046007225
"SRR10353960_GACCAATTCAGCGATT",1.00577000856104,0.026741798396601,0.894417631565026,1.14969524227305
"SRR10353960_GACGGCTCACGGACAA",0.998612408429732,0.0684287821121186,0.723905997614853,1.3247193624683
"SRR10353960_GACGTGCAGTTTCCTT",1.0021626468458,0.0791219700880282,0.704155148681898,1.30638781731402
"SRR10353960_GACGTTATCCGTCATC",0.99485822551295,0.0741040092497208,0.680997899625556,1.30751801618187
"SRR10353960_GACTAACTCTTCGAGA",1.00369228570165,0.0689522354274525,0.745552540798965,1.38703523892061
"SRR10353960_GACTGCGAGGACGAAA",1.00148011209726,0.0661186830646861,0.690846454680907,1.33135559892912
"SRR10353960_GAGCAGAGTATCTGCA",1.00972444423549,0.0308219392288423,0.922624298322296,1.22169492317131
"SRR10353960_GAGTCCGGTACCTACA",1.00241718817965,0.06777701278573,0.738213208946411,1.36298070776235
"SRR10353960_GATCAGTGTATAGGGC",1.00195355584451,0.0644256444557404,0.745245626786367,1.23312502909433
"SRR10353960_GATCGCGCACGGTTTA",1.00783736607797,0.0356952662940102,0.911162932094251,1.36499896886862
"SRR10353960_GATCGTATCGCCAGCA",0.999695939116071,0.0716346339589553,0.717214842316936,1.22769950780135
"SRR10353960_GCACTCTCACCAGCAC",1.00510556039628,0.0302462103883029,0.90294844218696,1.2818714164166
"SRR10353960_GCGCAGTAGGAACTGC",1.00364351812475,0.0690988386231187,0.735324448380729,1.50508416629809
"SRR10353960_GCGCAGTCAATGGAGC",1.00651274971525,0.0308801380400022,0.884240559771071,1.15049258201278
"SRR10353960_GCGGGTTTCGTGTAGT",1.0035205543841,0.0690571417481047,0.780076666257842,1.3415420476067
"SRR10353960_GCTCCTATCTTCAACT",1.00389225157852,0.0707358987042178,0.772175155900863,1.25211084081574
"SRR10353960_GCTGCGAGTGCACTTA",0.999973941414696,0.0526646665389669,0.775017878862078,1.18736690901808
"SRR10353960_GGAATAACACCTCGTT",1.00890766700344,0.0425678091191602,0.882401469746889,1.40829903093689
"SRR10353960_GGACAGATCAATACCG",0.994941984019816,0.056037743412399,0.78514969913129,1.36584792978368
"SRR10353960_GGACAGATCACATACG",1.00071000041137,0.0605681800851742,0.699772474307081,1.20159593466891
"SRR10353960_GGACGTCGTTTGGCGC",1.00060066946832,0.0666629634069429,0.752198736004893,1.29368842551535
"SRR10353960_GGAGCAAGTCTTCAAG",0.99393816165661,0.0726161067342314,0.728271024425926,1.25861663617238
"SRR10353960_GGCCGATCAGGGTACA",1.00053114365154,0.0671751018241529,0.734641214290698,1.41007796528664
"SRR10353960_GGCCGATCATGCCACG",1.00161080679332,0.0805771282874925,0.731915996510894,1.44526536787258
"SRR10353960_GGCGACTCAAAGTCAA",1.00509639165894,0.0314115305716124,0.899206629872614,1.1559036521804
"SRR10353960_GGCGTGTTCGGCATCG",1.0082700368577,0.0365201921043736,0.879383756258563,1.23387162370849
"SRR10353960_GGCTGGTGTCTTCGTC",1.00142992012203,0.0687087704437121,0.709048312826883,1.26998500545038
"SRR10353960_GGCTGGTTCCGAAGAG",1.01415716571187,0.0776221334202384,0.689034198677996,1.3526236161399
"SRR10353960_GGGCATCTCGGTGTCG",1.00367862323674,0.0250814803570611,0.898379463211729,1.14573687191638
"SRR10353960_GGGTTGCTCCAGATCA",1.00322892367902,0.0278229834387601,0.900161438247913,1.17117348218622
"SRR10353960_GGTGCGTTCGTTTAGG",1.0061413078011,0.0328599309746281,0.888780950969826,1.3403610650378
"SRR10353960_GGTGTTAGTAGAGGAA",1.00193587643143,0.0866774590160139,0.724889804556945,1.49081833593208
"SRR10353960_GTAACTGGTTCACCTC",1.01005272662805,0.0369548862527925,0.866704336949158,1.18715291570924
"SRR10353960_GTACGTAAGTGAACGC",0.997046018478335,0.0678929807210038,0.683629464242772,1.20277845926442
"SRR10353960_GTATTCTTCAATAAGG",0.999130001064516,0.0627474888274865,0.758641809491308,1.44362429746783
"SRR10353960_GTCACAAAGTAGTGCG",1.00920769822207,0.0826770921509143,0.728597050474705,1.39080290227301
"SRR10353960_GTCGGGTTCACCTCGT",1.00962545190669,0.0818503975149874,0.741694623569844,1.45671297608946
"SRR10353960_GTGCATAAGTTATCGC",1.0060979071225,0.0692991646767513,0.745891164065157,1.33710864676784
"SRR10353960_GTGCGGTTCTGTCTAT",1.00277577869449,0.0725385643264623,0.739166096552666,1.26638409612429
"SRR10353960_GTGCTTCCAGCGATCC",1.01048248780507,0.0716757869785465,0.757444927936458,1.37254822923154
"SRR10353960_GTGGGTCAGTGTCCCG",1.00760071745169,0.030591979063898,0.924356480702033,1.23474248653385
"SRR10353960_GTGTGCGGTCGCTTCT",0.996791421538006,0.068062413599001,0.737304565924748,1.39531968291329
"SRR10353960_GTGTTAGGTCGACTGC",1.0055507688708,0.0234714902112576,0.902898604587301,1.16685500507635
"SRR10353960_TAAACCGGTAAGGGCT",1.0036225487343,0.0291899161210823,0.880220428379521,1.15967286769178
"SRR10353960_TACACGAAGTTCGCAT",1.00353128965242,0.0769835680999008,0.721943092605669,1.41374442547696
"SRR10353960_TACGGATGTGAGGGTT",1.00286024435796,0.0174723239716325,0.913996182101115,1.11812027728192
"SRR10353960_TACGGATTCGAATGCT",1.00323685057105,0.0184849079338267,0.908001383905175,1.11135456771917
"SRR10353960_TACGGGCCATCTACGA",1.00438246005466,0.0298224622398256,0.905930786539452,1.1679932124835
"SRR10353960_TACGGGCGTAAATGTG",1.00165826989994,0.021045269036563,0.885695373450522,1.11017178822517
"SRR10353960_TACTCATAGTCGATAA",1.00405562093072,0.0537261071093452,0.782742713234306,1.25710356450795
"SRR10353960_TAGTGGTCATTACGAC",1.0015454220597,0.0670663850231484,0.70823409703734,1.21631780151228
"SRR10353960_TAGTGGTTCGGACAAG",1.00712960319554,0.0406849352207369,0.873230040845035,1.37361450894341
"SRR10353960_TATGCCCAGCAATATG",1.0021367773012,0.0732626345005365,0.655120829605216,1.32056831855067
"SRR10353960_TATTACCAGGCTCTTA",1.00457947325813,0.071734008798585,0.735508592935773,1.43371251791605
"SRR10353960_TCACAAGAGACACTAA",1.00524678503327,0.0318248769083955,0.888414246929452,1.1677694772705
"SRR10353960_TCAGCAAGTGTTCGAT",1.00523486274292,0.0249428173792694,0.88397617291552,1.15196209346561
"SRR10353960_TCAGCTCTCTTTACAC",1.01018793654326,0.0860466720963514,0.719094781737451,1.46370567930693
"SRR10353960_TCCCGATAGCTCAACT",1.00172262872431,0.0686506778167534,0.736882843453706,1.26026571294391
"SRR10353960_TCTCATAGTGCTAGCC",1.0027259546511,0.062399978613762,0.779601609212741,1.26045750685161
"SRR10353960_TCTCTAAAGTACGACG",1.00098021130049,0.0461902302565502,0.868582233437869,1.19891536285158
"SRR10353960_TCTGAGATCAGGCGAA",0.998180851740297,0.0540563353202149,0.725353186456417,1.21016735069061
"SRR10353960_TGAGAGGAGAATAGGG",1.00379358418009,0.0236489625820502,0.898282756941103,1.19640982352299
"SRR10353960_TGAGAGGTCTCGGACG",0.996742010209422,0.062293270542642,0.749926979832028,1.18120227537073
"SRR10353960_TGAGCATAGTACGTAA",0.999305194136132,0.0731889767750458,0.716266470549096,1.23983957266785
"SRR10353960_TGATTTCGTTGGAGGT",1.00034836500672,0.0253212149258417,0.896429195620203,1.12991918291691
"SRR10353960_TGCCCTACAACTGGCC",1.01606564373805,0.115196293452376,0.768651217999254,1.43695680110985
"SRR10353960_TGCGGGTTCGAATCCA",1.00679222835955,0.030476675471316,0.888378913652757,1.15864882756605
"SRR10353960_TGGCCAGAGCGTAGTG",1.00545789051199,0.0310642322626383,0.882912520737153,1.33733803682028
"SRR10353960_TGGCGCATCAACGAAA",1.00372359521961,0.0226952974091188,0.896406129841587,1.18051331740712
"SRR10353960_TGTGTTTTCACATAGC",1.0054441756463,0.0241651245800242,0.896663046252586,1.17686595483468
"SRR10353960_TGTTCCGTCACGATGT",1.00695577446135,0.0328689673281289,0.910241917708956,1.24963563078083
"SRR10353960_TTAACTCAGTGTTAGA",0.998804176948095,0.0677218066811575,0.78519032234202,1.28612136284718
"SRR10353960_TTAGGCAAGTCCGTAT",1.00701726194289,0.031656228637263,0.899107023565705,1.22176192539492
"SRR10353960_TTAGTTCCATCGGGTC",1.00889471404087,0.0781298254415804,0.736090184978306,1.2591902903904
"SRR10353960_TTATGCTCACAAGCCC",1.00422285049301,0.0251267528195865,0.915158857721123,1.26090759405188
"SRR10353960_TTCTCAACAGTAAGAT",1.00778540304729,0.0403928100646229,0.874317824829516,1.34400063257733
"SRR10353960_TTCTCCTGTTCATGGT",1.00499160053869,0.0383324316301078,0.88089896661561,1.30375534143616
"SRR10353960_TTCTTAGAGAGTGAGA",1.00162330045908,0.065795287613643,0.758423825875032,1.29657992284818
"SRR10353960_TTCTTAGAGTCCATAC",1.00320277682964,0.0181953069761953,0.916677470408488,1.19638354764539
"SRR10353960_TTGACTTCATCGATGT",1.00458814988636,0.0272759439529278,0.904401558204902,1.20687167879701
"SRR10353960_TTGACTTGTGTAATGA",1.00722721578361,0.0559375313754098,0.756438985242141,1.2256022815181
"SRR10353960_TTGGAACCAGCGTTCG",1.00697075676104,0.0734562071103809,0.761218007399081,1.41917219308807
"SRR10353960_TTGGAACTCCGAGCCA",1.00531203117628,0.0212052007471157,0.921302605462935,1.1314400169901
"SRR10353960_TTGGCAATCCGCAGTG",1.00307827938155,0.0238911090785874,0.898575514814403,1.12814061068054
"SRR10353960_TTTACTGCAATGGAGC",1.00768467806089,0.0677971480422024,0.701111140153633,1.23924368038824
"SRR10353960_TTTGCGCCACAACTGT",1.00284056215267,0.0279340355218371,0.891209953682572,1.1990139624806
"SRR10353960_TTTGTCATCCATGCTC",1.00541921533519,0.0689354198511059,0.749039113038609,1.42858777919907
"SRR10353961_AAACCTGAGTGACATA",1.00271396167911,0.0475504521006438,0.78476402927576,1.24801116077833
"SRR10353961_AACACGTGTGCCTGGT",0.992642546942737,0.0650532557913619,0.766558414165173,1.19002853843583
"SRR10353961_AACCATGAGATGCCTT",0.99484526971427,0.0452449059660786,0.735880320675895,1.13201089118481
"SRR10353961_AACCGCGCAGAGTGTG",1.00469909902016,0.0458563299242701,0.788944332954563,1.21327659221859
"SRR10353961_AACTTTCGTTTAGCTG",0.996911554358415,0.0363314069549535,0.858626244805208,1.16570373133623
"SRR10353961_AAGACCTGTACGACCC",1.00638379465694,0.0596160995176214,0.80551005536526,1.27774016672326
"SRR10353961_AAGGCAGGTGAGTATA",1.00728180849537,0.0447153944415524,0.847568810870939,1.21186083586623
"SRR10353961_AAGTCTGTCGTCGTTC",0.999016748744952,0.0634565684951778,0.798647638037471,1.28419665353847
"SRR10353961_AATCGGTCATTACGAC",1.00750005027836,0.061337225633425,0.753114246542691,1.23368931945831
"SRR10353961_ACAGCTACAAGGTTTC",0.997504500885778,0.0527968617946906,0.735751777995874,1.17238512357237
"SRR10353961_ACATCAGCAGAGCCAA",1.0004839828105,0.0463876330551795,0.82417234610013,1.2260708169635
"SRR10353961_ACATCAGTCCAAAGTC",1.00832346868097,0.0474925580766535,0.825580897309021,1.46087571980719
"SRR10353961_ACATGGTGTACTCGCG",1.00426823374053,0.0527616045003793,0.783453178140091,1.20573581104384
"SRR10353961_ACATGGTTCTGCTGCT",1.00713795546536,0.0575724657952874,0.772658300841243,1.25515487416119
"SRR10353961_ACCCACTCATCACCCT",0.998105023538988,0.0649849158636965,0.735465329888346,1.2659037421852
"SRR10353961_ACGATGTAGGAGTACC",1.00179722135547,0.0416865880591001,0.846554246175346,1.21682971871147
"SRR10353961_ACGATGTGTGGAAAGA",1.00793097920461,0.0576137126173909,0.720432253480846,1.21945676827548
"SRR10353961_ACGATGTGTTGATTCG",0.999561625129264,0.0547529181785243,0.773982868951113,1.24341452965557
"SRR10353961_ACGATGTTCACCCTCA",1.00135253561715,0.0421313023664185,0.833798759458653,1.19264413488939
"SRR10353961_ACGATGTTCACGACTA",1.00561205090899,0.037925110613396,0.881241599050025,1.27613845916547
"SRR10353961_ACGCCAGGTTAAGATG",1.00661925505027,0.0571238528307727,0.836968868477784,1.27622916782393
"SRR10353961_ACGGAGACAGCCACCA",0.995286996441963,0.0626065134169217,0.765876137416882,1.18111901910224
"SRR10353961_ACGGGTCAGCGCTCCA",1.00392318907019,0.0658947006455642,0.753699552989825,1.26243952841293
"SRR10353961_ACTATCTTCTTCGAGA",1.00144355503321,0.0409927836267458,0.766284816768483,1.14860468750127
"SRR10353961_ACTGAACGTTTGACTG",0.998827629805204,0.0554032854959962,0.756213003953926,1.25276082928986
"SRR10353961_ACTGTCCAGATCTGAA",1.00026350606787,0.0525490805111293,0.791365628699057,1.32357989373078
"SRR10353961_ACTTACTGTATCGCAT",0.998506689517398,0.0502044561164605,0.817878592846201,1.30899020513073
"SRR10353961_ACTTTCAAGTAGGTGC",1.00370039910022,0.0242257409543296,0.868496949999784,1.22310921619066
"SRR10353961_ACTTTCAAGTTTGCGT",1.00670925930962,0.035886664134183,0.904116186880171,1.31577068429993
"SRR10353961_AGAATAGCATTCTTAC",1.00132843955378,0.0281717263298174,0.871698328960758,1.15641065495176
"SRR10353961_AGAGCTTCATATGGTC",1.00072902359692,0.0407543747093381,0.831998721942384,1.24945553139626
"SRR10353961_AGAGTGGAGCGTGTCC",1.00683567750968,0.0532574921025988,0.778391133440403,1.24649370507747
"SRR10353961_AGCAGCCAGAAGAAGC",0.99767781803258,0.0494425055954493,0.804814286611385,1.24219070361729
"SRR10353961_AGCCTAAAGTGGAGAA",1.00012263376357,0.0791171746132986,0.747248659956335,1.33220614062725
"SRR10353961_AGCTCTCGTCACAAGG",0.999169544486995,0.0386825555733067,0.773596326507532,1.17849595366093
"SRR10353961_AGCTTGAAGAATTGTG",1.00019297165881,0.0482229944998366,0.810278145572975,1.19872934964848
"SRR10353961_AGGCCGTCAGCCTATA",1.00157524604486,0.0557006367594651,0.738243899787577,1.24382667830063
"SRR10353961_AGGGATGGTGCACGAA",0.996290749246038,0.046386237939856,0.738228449763805,1.16204400930172
"SRR10353961_AGGTCCGGTTCCGGCA",1.00170632712839,0.0582669960723146,0.773348820819384,1.25768898541306
"SRR10353961_AGTGTCAAGGCATGGT",0.999330052288924,0.021684414958585,0.871671643269582,1.10448345963961
"SRR10353961_AGTGTCATCCGAACGC",1.00480472981205,0.0595866482173681,0.836109911153399,1.22722507680247
"SRR10353961_ATAAGAGCAAACCTAC",1.00344859882566,0.0616931033816,0.796010734641165,1.21352440140781
"SRR10353961_ATCACGAGTCTAGTGT",1.00144213361639,0.0276027526196403,0.843215508364319,1.1669606212292
"SRR10353961_ATCATCTTCAGGATCT",1.0108989940416,0.0674992968399674,0.768039237920021,1.26680801351023
"SRR10353961_ATCATGGGTCTCCACT",0.999096189114334,0.0760748291924099,0.707367503420569,1.25021634507768
"SRR10353961_ATCCACCAGATAGCAT",1.00605102448172,0.0654272976832044,0.766600544136349,1.27638803593736
"SRR10353961_ATCCACCAGCTGCAAG",1.00429460798638,0.0418206908737411,0.84430135463655,1.16082301958163
"SRR10353961_ATCCACCAGGGTGTTG",1.00370023655634,0.0198550435249817,0.893951002588577,1.12121169395953
"SRR10353961_ATGGGAGTCGGAATCT",1.00264572833044,0.024781047974049,0.892508246061889,1.20007161202852
"SRR10353961_ATGTGTGGTCGCTTTC",1.00436236515603,0.0620935565965657,0.766943364554137,1.23745200473065
"SRR10353961_ATTGGACTCGGCTTGG",0.998211768944835,0.0519828823388707,0.736362237449589,1.15484831823909
"SRR10353961_CAAGAAAAGCGTTCCG",1.00418980434129,0.0346713636182601,0.891474728858255,1.21891888408592
"SRR10353961_CAAGATCAGACCTAGG",1.00276993274566,0.0613026542792694,0.780103025763367,1.29375812124382
"SRR10353961_CAAGTTGGTCCGTGAC",1.00107319618826,0.0570693997012639,0.72609064902199,1.24334928789352
"SRR10353961_CACACAAAGTGCTGCC",1.00662539419986,0.0377200271441836,0.890980578251611,1.38917664553182
"SRR10353961_CACACAAGTCCTGCTT",1.00189563125452,0.0583577386623554,0.789345994140846,1.26748636069953
"SRR10353961_CACACCTGTGTCTGAT",0.996118787391516,0.0558802313080406,0.75517774579803,1.2127523761117
"SRR10353961_CACACCTTCAGCCTAA",0.999129230603827,0.0340889356374905,0.81328589879831,1.17520910640781
"SRR10353961_CACACTCCAGAAGCAC",1.00398761956899,0.0386865111922132,0.827619309016913,1.18497419153631
"SRR10353961_CACAGTACACGCATCG",1.00646238638014,0.0576306682178872,0.763400259481482,1.24414990833052
"SRR10353961_CACAGTACAGACGCCT",1.00461691818321,0.067179728171027,0.734795660423576,1.22335969607446
"SRR10353961_CACAGTATCAGTGCAT",1.00410252569467,0.0289604170606038,0.884337872871395,1.27927123019586
"SRR10353961_CACCAGGAGCGATATA",1.00501816851738,0.0324522452459943,0.879802383540209,1.34122759799871
"SRR10353961_CAGTAACAGGTGCTAG",1.00137407505452,0.0720275418768582,0.757078150407928,1.24807178866613
"SRR10353961_CAGTCCTCACCCTATC",0.996059915279522,0.0581993161740705,0.776982015775447,1.22765970888464
"SRR10353961_CATCAAGCAATCACAC",1.00003308380782,0.0361167688175633,0.849636977712361,1.16022549269856
"SRR10353961_CATCCACTCTACGAGT",1.01064642151589,0.0400216856457468,0.904228830865184,1.30331724265286
"SRR10353961_CCAGCGAGTACCGTTA",1.00411514736656,0.0637789498519802,0.716498271158822,1.2757799538366
"SRR10353961_CCATGTCGTACCGAGA",1.00786358602023,0.0479738548810368,0.764804537246921,1.31070849341136
"SRR10353961_CCGTTCAGTGAGGGAG",1.00304121712818,0.0335958275581189,0.859878513797701,1.17027675006576
"SRR10353961_CCTAAAGGTCCGTGAC",1.00217804938068,0.0736156409539503,0.749323494943419,1.27191543647565
"SRR10353961_CCTAGCTAGTCCATAC",1.00053106514888,0.0494502678928502,0.783151834438849,1.28219969526332
"SRR10353961_CCTATTATCATGCATG",1.00604546293899,0.0441470476167629,0.827224999051609,1.23454038375499
"SRR10353961_CCTATTATCCATGAAC",1.00508415308,0.0400626742667369,0.89612141039188,1.21909422610898
"SRR10353961_CCTCTGACAATGTTGC",1.00618489700634,0.0314402967030784,0.925357534425582,1.37492320772142
"SRR10353961_CCTCTGACATCGATGT",1.00662503438745,0.0380270794101618,0.87112906408345,1.2221355217137
"SRR10353961_CCTTACGAGAGAGCTC",0.999992887076167,0.078652751565976,0.731040103485282,1.31545295104316
"SRR10353961_CGAATGTAGCTAGGCA",0.999171895103741,0.0673431560880798,0.786973676897191,1.26624023229395
"SRR10353961_CGAATGTAGTCCCACG",1.00458888065966,0.0392747797521491,0.7949801808767,1.20857103025459
"SRR10353961_CGACTTCCACTTCGAA",1.00932484220417,0.0556979189807564,0.825127235460505,1.22635869000446
"SRR10353961_CGAGAAGCACAACTGT",1.01210893042632,0.0608555839182478,0.780939188043677,1.28724053809653
"SRR10353961_CGAGCACGTCTAAACC",0.99557178387391,0.0534096226750431,0.754467399285262,1.24335327610958
"SRR10353961_CGATGTAGTCTGCCAG",0.999316568955717,0.0608808182138201,0.732736504763256,1.28609724091134
"SRR10353961_CGCGTTTCACGAGGTA",1.00211078045459,0.0669592965953427,0.793513276376706,1.29843492333689
"SRR10353961_CGCTTCAAGAGACGAA",1.00644191606195,0.0426488984522324,0.854862127835001,1.1978278536718
"SRR10353961_CGGACACAGATCTGAA",1.00544611605236,0.0629330148360218,0.746268228716494,1.28665996391713
"SRR10353961_CGGACGTAGTTAGGTA",0.999501785388439,0.0676224425711675,0.766147090071466,1.29245733051869
"SRR10353961_CGGAGTCTCATCGCTC",1.00170624875621,0.0632271317814337,0.764449837148733,1.26475870225153
"SRR10353961_CGTAGCGGTAGCGTGA",1.00636446590838,0.0387163689833617,0.878406367426985,1.3878498377768
"SRR10353961_CGTCAGGTCGAATGCT",0.998062991202469,0.0501527368414937,0.747463667148544,1.2420241771508
"SRR10353961_CGTCCATGTATATCCG",1.00033918816397,0.0337745581204683,0.860761076381657,1.23347332978616
"SRR10353961_CGTGTCTGTGCTGTAT",1.00168181767087,0.0218656945949882,0.884692914655084,1.13939523537744
"SRR10353961_CGTTAGACAAGCCCAC",0.99945239870661,0.046056103741911,0.79343277388101,1.1810414686684
"SRR10353961_CTAATGGAGATTACCC",1.00097926506532,0.0646364287058805,0.725601584181146,1.24216603236815
"SRR10353961_CTACACCTCGCCTGAG",1.00057819064632,0.0652518402534669,0.766595022354007,1.23696025728133
"SRR10353961_CTCGGGAAGGCAAAGA",1.00097217296932,0.0490698603864085,0.747696203492734,1.18990288096129
"SRR10353961_CTCGTCACAAGCCGTC",0.994897516187459,0.0751410746269105,0.759140338398043,1.23423243604917
"SRR10353961_CTCTAATCATCGGTTA",1.00367924359459,0.0332283682427626,0.872279974914426,1.16438746025464
"SRR10353961_CTCTAATTCATCTGCC",1.00020894111609,0.0499075484083149,0.77846080519905,1.14335103923635
"SRR10353961_CTGATAGCACCTCGGA",1.00649425901416,0.0333951154181655,0.913590297508491,1.32911293855979
"SRR10353961_CTGATAGGTGTTCTTT",1.00481308568901,0.0290116605296002,0.875220401109098,1.20537052311973
"SRR10353961_CTGTGCTGTTATCCGA",1.01124427054862,0.0566201690010046,0.766836077402617,1.35188706542859
"SRR10353961_CTGTTTAAGACAGAGA",1.00843436016201,0.042562669300668,0.859447016834648,1.24891927958462
"SRR10353961_CTGTTTACAATCCGAT",1.005028928218,0.0384441759165147,0.867980678764892,1.23291438275681
"SRR10353961_CTTGGCTAGGACACCA",0.99642567165977,0.0745449903327649,0.700863250398408,1.32511940457089
"SRR10353961_GAAATGACAGCTCGAC",1.0118065062101,0.0792308217400883,0.725838629609661,1.36159966176179
"SRR10353961_GAAATGATCTCTAGGA",1.00487522375449,0.051744030980578,0.808963653140511,1.19936609523374
"SRR10353961_GAACGGATCTTGACGA",1.0052727543753,0.0385785789764005,0.780409846998512,1.14689562282859
"SRR10353961_GAATAAGCATGTAAGA",0.999611528647957,0.055293616297733,0.772765034529038,1.23460711607945
"SRR10353961_GACACGCCATGGTAGG",1.01033995671367,0.0806728774553383,0.722060009664324,1.31900951896434
"SRR10353961_GACGGCTCAGCATGAG",1.00564943130586,0.0465230088597172,0.837121413189411,1.17743188588406
"SRR10353961_GAGCAGAGTCAGCTAT",1.00170008496469,0.0654302279590267,0.80592763605947,1.24946622078948
"SRR10353961_GATCAGTAGCTAACAA",1.00185313413531,0.0347137595157157,0.889678177212174,1.22282469840555
"SRR10353961_GATCGATCATCGTCGG",0.998594185366268,0.0764257445260835,0.698775346976047,1.30669131615099
"SRR10353961_GATCGATGTGTAACGG",1.00192597538931,0.0550119841990176,0.76065057371094,1.2865752073167
"SRR10353961_GATCGCGTCGGAAACG",1.00275098180467,0.0668458307448288,0.749226052462711,1.27470304528737
"SRR10353961_GATCTAGTCCCATTTA",0.998181199365725,0.0486315189378868,0.749281431325737,1.21256448977906
"SRR10353961_GATTCAGAGGAACTGC",1.00193623763281,0.0688819725967054,0.735015311616122,1.37272767663717
"SRR10353961_GCAGCCAAGATGGCGT",0.998109319606724,0.0613891503046234,0.808162416109324,1.25458053310751
"SRR10353961_GCATGTAGTCAGATAA",0.995690360958513,0.0555937641773879,0.750081811319166,1.26903338996114
"SRR10353961_GCGCAGTGTCCGTGAC",1.00203218363984,0.046847930177391,0.746704686290538,1.17645137126791
"SRR10353961_GGAACTTAGGTGCTAG",1.00855981005129,0.0745853385924827,0.73953795455849,1.35435554164587
"SRR10353961_GGAACTTTCTAACTGG",0.998505993614169,0.0721455312368815,0.73460621733115,1.22843196487863
"SRR10353961_GGACAAGTCCAGGGCT",1.00765858769474,0.0664933328349557,0.700880880825046,1.34449739966029
"SRR10353961_GGACATTCACGAAGCA",0.99906612846409,0.060779343509567,0.74884625904981,1.19370411568897
"SRR10353961_GGACATTCACGGATAG",0.999837996917766,0.0590159209861087,0.769526577460529,1.26587015851365
"SRR10353961_GGACATTCATTCTTAC",1.00434536894901,0.0717445306800961,0.719232170215903,1.33989923859088
"SRR10353961_GGACGTCTCATTGCCC",1.00280829664447,0.0402019975465153,0.866077796580067,1.15262847657445
"SRR10353961_GGAGCAATCTAAGCCA",1.00163787537952,0.0512691531652797,0.77119366191223,1.19584067190816
"SRR10353961_GGCTGGTTCGTCCGTT",1.00445859683637,0.0436018528626268,0.892347735751127,1.1898163692495
"SRR10353961_GGGAGATGTAGCGTAG",1.00015733359669,0.0577586475006849,0.812371060083178,1.23773674962226
"SRR10353961_GGGCATCAGGTTCCTA",1.00460114563295,0.0410339518775634,0.818475931835217,1.18780128727468
"SRR10353961_GGGTCTGCACTGTTAG",0.997436331614429,0.0608755770186666,0.793281409720994,1.22160579517466
"SRR10353961_GGTGCGTTCCGAATGT",1.00269453122063,0.0433430829354993,0.74117620803275,1.20540044266416
"SRR10353961_GGTGTTATCTACGAGT",1.00036272117854,0.0580895410205371,0.732529451848721,1.20814960620815
"SRR10353961_GTAACGTCACAACGCC",1.0101813370396,0.0521118137448317,0.78543556223975,1.24699073753666
"SRR10353961_GTACTTTCATATGAGA",1.00499510300979,0.0492020927462672,0.842293014825682,1.27834455445209
"SRR10353961_GTAGGCCGTATGAATG",0.997422523069742,0.0694859337261977,0.727470423143644,1.21078854254464
"SRR10353961_GTCAAGTGTAGCTAAA",1.0010021031595,0.0500228030201676,0.787348209810329,1.20322196507556
"SRR10353961_GTCCTCAAGCCACGTC",1.00176398892712,0.0416371974227201,0.819956494676133,1.16510358706765
"SRR10353961_GTCTCGTTCCAAGCCG",1.00186064470169,0.0369251143968901,0.774208630287024,1.1689120398667
"SRR10353961_GTGAAGGTCCTTCAAT",0.996058835588394,0.058978571406495,0.7344716099642,1.23316357064582
"SRR10353961_GTGCAGCGTGTGCGTC",1.00111744475303,0.0399279934840033,0.854687880421451,1.21629646405735
"SRR10353961_GTGCGGTCAATAGCGG",0.993983084544378,0.0538051691780536,0.80381246174373,1.26891802049063
"SRR10353961_GTGCGGTCAGTAAGAT",1.00188220919404,0.0366107497439043,0.778119615883979,1.19390768788048
"SRR10353961_GTGCTTCAGGTGATAT",1.00654984793186,0.0618395159485046,0.746173351574788,1.23119004980843
"SRR10353961_GTGTTAGCACATTAGC",1.00267401252394,0.0503957561556191,0.799658329434235,1.25053912421177
"SRR10353961_GTTAAGCAGAGGTAGA",1.00273108431017,0.0363072510093567,0.853874565024788,1.24339735414956
"SRR10353961_GTTCATTCAAGGACTG",0.995848988522212,0.0589226802809783,0.785737864583896,1.19999452769757
"SRR10353961_GTTCTCGCAGCTGTAT",1.00286343390998,0.0585343562007419,0.726538881663798,1.2631372907203
"SRR10353961_TAAACCGAGCAATCTC",1.00589093114312,0.0645287266294535,0.75415490547403,1.30250030215149
"SRR10353961_TAAGAGATCCAGAGGA",0.998791855087312,0.0519566158700407,0.758091214199078,1.22284104685777
"SRR10353961_TAAGTGCAGGCGTACA",1.00241384833856,0.0634728768038148,0.766305984110749,1.28199429328507
"SRR10353961_TACCTTACATCGGACC",1.00199757159494,0.0422599219007474,0.808947755234766,1.19883885151397
"SRR10353961_TACGGATAGAAGGGTA",1.00530255103588,0.0387372756800912,0.90492070763964,1.45346641890481
"SRR10353961_TACGGATTCTCTGCTG",1.00588237627713,0.0257941723001154,0.909315488665607,1.24693600855933
"SRR10353961_TACGGGCGTAGCTTGT",1.00554571096543,0.0641184822133653,0.754672677203157,1.26631029587825
"SRR10353961_TACTCATCAAGACGTG",0.999904503974984,0.0449155712956315,0.84288336275137,1.20086304680404
"SRR10353961_TAGACCAAGCTACCGC",1.00353477461942,0.0276826422240572,0.896006895899516,1.23996050143618
"SRR10353961_TAGAGCTGTGTGTGCC",1.0039549525305,0.0434384428380691,0.818198195150412,1.19568783388009
"SRR10353961_TAGTGGTAGACATAAC",0.99205755285573,0.0573008894911854,0.746844864600835,1.20589756065793
"SRR10353961_TAGTTGGCAGTAAGCG",1.0051459972221,0.070541933409912,0.712811149101531,1.34503310736687
"SRR10353961_TATCAGGCACTTAACG",1.00285661773664,0.0397091288103544,0.778949513413877,1.24806080514858
"SRR10353961_TATCAGGGTAGTACCT",1.00140926717953,0.0675825467960805,0.687593076391345,1.3429908546266
"SRR10353961_TATGCCCCAATCTGCA",1.00333034734175,0.0409055651238106,0.733402452017842,1.15895345573992
"SRR10353961_TCAACGAGTTTACTCT",1.00027067599014,0.040544320978887,0.846082509554355,1.24865512404912
"SRR10353961_TCACGAAAGGGTCGAT",1.00030582028163,0.0477885113893017,0.771388569213013,1.21958632455248
"SRR10353961_TCAGGTATCCAAACTG",1.00206033839575,0.0373421713208626,0.802359679144142,1.15901731674655
"SRR10353961_TCGCGTTTCGCCAAAT",1.00549150423938,0.0507500227879477,0.823251793639622,1.27586869121484
"SRR10353961_TCGGTAAAGGCACATG",1.00321289942875,0.0605429560103374,0.719742523187026,1.23872918762562
"SRR10353961_TCTATTGAGACGCTTT",0.997990277002877,0.0379312399881956,0.774550142251972,1.1747319174226
"SRR10353961_TCTATTGAGGTCATCT",1.00028368556525,0.0541901211875113,0.76424093393407,1.26455288600801
"SRR10353961_TCTCATAAGATGTGTA",0.99819374145387,0.0716400319002713,0.744489203061036,1.27054424822147
"SRR10353961_TCTCATAAGGTCATCT",1.00287123320496,0.0534389671671043,0.774358292570487,1.15822551471055
"SRR10353961_TCTCATACAAGTTCTG",1.00510053935415,0.0711677573500178,0.719670423164192,1.25012349748342
"SRR10353961_TCTGAGAAGCTAGTTC",1.00248037837249,0.0493050177649726,0.834357291485082,1.27150046421007
"SRR10353961_TCTGAGATCTTGTTTG",0.998035782541992,0.0342783256864449,0.758690619045513,1.10378357823414
"SRR10353961_TCTGGAACACCGAATT",1.00137771133025,0.0355290466713585,0.808251176184498,1.16849282287698
"SRR10353961_TCTTCGGAGGCCATAG",0.994401900017966,0.0656874809147699,0.744026774681515,1.23505327490652
"SRR10353961_TGACAACGTGCCTGGT",0.994767646427779,0.0765385657236982,0.749814901214996,1.27033297818359
"SRR10353961_TGACAACTCAATCACG",1.00730790109977,0.0490033028976853,0.757643910606744,1.20855921011196
"SRR10353961_TGACTTTTCTGCAAGT",1.00666375132556,0.0356825109497732,0.887617006202818,1.16518507676167
"SRR10353961_TGATTTCAGTTGAGTA",1.0075301495301,0.0640165764109664,0.741928757595768,1.22270600181738
"SRR10353961_TGCACCTGTTCACCTC",1.00348986397396,0.0554931688970081,0.7752794878784,1.26964064361167
"SRR10353961_TGCGGGTCAGACGTAG",0.998251711337289,0.0660292003463,0.766828674557456,1.29937034244815
"SRR10353961_TGCGGGTTCATATCGG",1.00792777460704,0.0587027239038332,0.784480889220786,1.31564098083798
"SRR10353961_TGCTACCCACTTGGAT",1.00425866663945,0.0643499465201581,0.737895147998266,1.31126971172701
"SRR10353961_TGGCTGGCACGAGGTA",1.0019973126704,0.0393870581968286,0.74835645202879,1.18018802914003
"SRR10353961_TGGGAAGTCATAGCAC",1.00678770483488,0.0425945882196024,0.881242656248432,1.21729776757296
"SRR10353961_TGGGCGTCATCGGTTA",1.00320396142412,0.0658323590455646,0.791651832268771,1.28429254031953
"SRR10353961_TGTGGTAGTCATTAGC",1.00163561951787,0.0327806706760003,0.760993541571455,1.17354782046155
"SRR10353961_TGTGTTTAGAGCCCAA",1.00729884475073,0.0356077045890197,0.891267425530016,1.16849131994836
"SRR10353961_TTAACTCGTACCCAAT",0.999698117998806,0.0591899269948993,0.753086193540714,1.2472122935825
"SRR10353961_TTAGTTCGTCATCGGC",1.00179041436076,0.0507249595624147,0.793689553563455,1.22526307625906
"SRR10353961_TTCGGTCAGCTCAACT",1.00029960444384,0.032664872884524,0.864120932984336,1.15265547101033
"SRR10353961_TTCTCAAGTCACTGGC",1.00110852075427,0.0734553397846895,0.712194059842118,1.24484727170396
"SRR10353961_TTCTTAGGTTGGTTTG",1.00488076692913,0.0716382770257412,0.708273234340822,1.34638711245016
"SRR10353961_TTGAACGAGCACAGGT",0.997975803558412,0.0631367639237037,0.76322918695885,1.22030686097989
"SRR10353961_TTGGCAATCATCATTC",0.999782831712825,0.0336673944019538,0.746252761102084,1.13555222330399
"SRR10353961_TTGTAGGAGAATGTGT",1.00222992650086,0.0732227002482552,0.734192341224042,1.34594815252288
"SRR10353961_TTGTAGGGTACATCCA",0.999902051920823,0.042836953854032,0.83900016895007,1.20739519368072
"SRR10353961_TTTACTGCACGTCTCT",1.00184178408727,0.0563600444667583,0.81296257747079,1.18457727884321
"SRR10353961_TTTGTCACATGCGCAC",0.994123398179646,0.0616486276056783,0.763116219136261,1.20774435566181
"SRR10353962_AAACGGGTCGCGGATC",0.997858414597778,0.0603698913983101,0.788398845277946,1.22487297297006
"SRR10353962_AAAGATGGTTAAGACA",1.00674267400418,0.0486354915767499,0.791605826057469,1.28482648862616
"SRR10353962_AAAGCAAGTTCCCGAG",1.00561532227529,0.0547508098921361,0.819614735398004,1.28779920816977
"SRR10353962_AACACGTAGCTAAGAT",1.00341005292133,0.0546604487654986,0.784718233049942,1.22504347580883
"SRR10353962_AACACGTGTTGACGTT",1.00427150724842,0.022206785957528,0.899129568531615,1.17020247132416
"SRR10353962_AACCATGTCCAAGCCG",1.00170920552641,0.0338855303767898,0.866386997513781,1.30000948136223
"SRR10353962_AACCGCGCAGCGTCCA",1.00411419609567,0.0506277426697937,0.772051210941542,1.1636837627025
"SRR10353962_AACTGGTCATACTACG",1.00670388861454,0.0560629468080044,0.839858226528885,1.23341458409149
"SRR10353962_AAGGAGCCAGTGGAGT",1.00294024449518,0.0645868021773468,0.794049319910566,1.23550474201872
"SRR10353962_AATCGGTGTCCTAGCG",0.999043738115248,0.061113311317527,0.737994012484787,1.23021229765221
"SRR10353962_ACACCCTAGGACAGAA",1.00362649058948,0.055539760206197,0.760189334388315,1.25909503298734
"SRR10353962_ACAGCCGCAATGAATG",0.998146808464197,0.0607065624355855,0.792167809511012,1.2142228573938
"SRR10353962_ACAGCCGGTAGCGTGA",1.00381855705146,0.0205932205321297,0.908646014052231,1.23059512202615
"SRR10353962_ACATGGTCAAGGACAC",1.00290661399409,0.0267879394158341,0.877470405903041,1.13805875270694
"SRR10353962_ACCCACTCATGGTAGG",1.00103366309947,0.0549285698418184,0.760970533483459,1.28837632591163
"SRR10353962_ACGAGGATCTTGAGGT",1.00190027143657,0.0421711409874956,0.794052594792789,1.15462387386589
"SRR10353962_ACGGAGATCTCTTGAT",0.999629632735847,0.0535763687707221,0.745520275817902,1.22364933287952
"SRR10353962_ACGGGCTAGATCCCAT",1.00290518820946,0.049687764571277,0.784323200430938,1.27566843492919
"SRR10353962_ACGGGTCGTCTCTTTA",1.00124431251535,0.0562834223671786,0.840466179340742,1.2442877066426
"SRR10353962_ACTATCTGTTACAGAA",1.00286073537073,0.0201689776996102,0.876463466872191,1.1204397167081
"SRR10353962_ACTGATGGTGTTTGGT",1.00349802865225,0.0578061610000648,0.806223972267818,1.32661250043483
"SRR10353962_ACTGTCCCAAACGCGA",1.00509185183449,0.0234941444470198,0.918095185656938,1.20644248489199
"SRR10353962_ACTGTCCCAGAAGCAC",1.00830328257389,0.0597174655600457,0.851091845320933,1.26211818177852
"SRR10353962_ACTTACTCATCTATGG",0.999806542499206,0.0510549452733169,0.777478043467181,1.20066021336543
"SRR10353962_ACTTGTTAGATAGGAG",1.00251625976128,0.0529023760763489,0.744653402127347,1.28399529117485
"SRR10353962_ACTTGTTAGGGAAACA",0.998777379371101,0.0604570888674739,0.768316936928377,1.18150587656567
"SRR10353962_ACTTGTTTCACCGGGT",1.00642006363915,0.0452573211753644,0.817294292955711,1.30725642740921
"SRR10353962_AGAGCGAAGAAGCCCA",1.00578251786601,0.0254708266921922,0.912329471661478,1.1701001561584
"SRR10353962_AGAGCGAGTTTAAGCC",0.997039883806486,0.0537333413148436,0.804033936260022,1.18971023657018
"SRR10353962_AGAGTGGAGAAACCGC",1.006237442416,0.0664827262084322,0.746189776012223,1.34321460619968
"SRR10353962_AGCAGCCCAAGCCGCT",1.00506476740875,0.0357486235812853,0.892128473037689,1.18998306771144
"SRR10353962_AGCAGCCTCTAAGCCA",1.00199272801927,0.0484295470449719,0.794227747412682,1.21706656596713
"SRR10353962_AGCATACCACGAGGTA",1.00123511791475,0.0417170253551838,0.815747590395272,1.17725862688182
"SRR10353962_AGCTCCTCACGCATCG",0.999969502256893,0.0628633309557005,0.706126563568621,1.21551328535488
"SRR10353962_AGCTCTCAGACAGGCT",1.00223215774975,0.0403109775402735,0.807443777716273,1.21037286913179
"SRR10353962_AGCTCTCCAATCCGAT",1.00360553162785,0.0294862345190758,0.84679813625043,1.13576980095002
"SRR10353962_AGGCCACCAAGGCTCC",1.00083273353239,0.0548924650904339,0.751090309799172,1.19994756777892
"SRR10353962_AGGGATGCAGTTAACC",1.00372848674163,0.0324782051944371,0.883133955925864,1.25785518925073
"SRR10353962_AGTTGGTCAGATGGCA",1.00429559941875,0.0378972031890228,0.87963975380913,1.22519283855973
"SRR10353962_AGTTGGTCAGGCAGTA",1.00891636330449,0.0394358053187299,0.874129669879545,1.30478314407469
"SRR10353962_ATAACGCCATGGTCTA",1.00169789704393,0.0598929328014026,0.756528035691289,1.18352085402929
"SRR10353962_ATAGACCAGGTCATCT",1.00565793549679,0.0332503202804912,0.877458466051858,1.17324346556252
"SRR10353962_ATCACGAGTCCGTGAC",1.00967092158282,0.0428132530375349,0.870934397118699,1.19602404147575
"SRR10353962_ATGAGGGTCGGAAATA",1.0010831214895,0.0518916687951408,0.85312188067496,1.36573426403664
"SRR10353962_ATGGGAGTCTTGAGAC",1.00348154061075,0.0416688139092229,0.812006340664395,1.21151044093265
"SRR10353962_ATTACTCCAGACAGGT",1.00518650574312,0.0279811311587408,0.906769348611629,1.13507385750424
"SRR10353962_ATTGGACTCTTGGGTA",1.01106557848593,0.0451040800575118,0.889597470840699,1.26059715926318
"SRR10353962_ATTGGTGAGTCACGCC",1.00456449283557,0.0311205425115324,0.82434325301744,1.17983501415019
"SRR10353962_ATTTCTGCATGAACCT",1.00300173265508,0.0138743970236487,0.905514679778201,1.11891132292281
"SRR10353962_ATTTCTGGTCCCTACT",1.00306610991869,0.0173044514940055,0.918811349894745,1.1293162710198
"SRR10353962_CAACCAATCTTAGAGC",1.00373822842193,0.0225975085493749,0.901012236772093,1.18791020078369
"SRR10353962_CAACTAGTCCGAATGT",1.00741409630068,0.0553166148373275,0.766859880004723,1.20146744834047
"SRR10353962_CACACTCCAGCTGCAC",1.00789609602269,0.0508888839592664,0.845163469482566,1.20885423222172
"SRR10353962_CACAGTAAGAAACCAT",1.00435930534058,0.021875219025705,0.90442217818278,1.16855510887169
"SRR10353962_CACAGTAAGGTGCTAG",1.00205754356513,0.0512418596087212,0.812409778559825,1.20817752833733
"SRR10353962_CACAGTACACATCTTT",0.996734023177942,0.0254163467955907,0.886555609933438,1.20614161679628
"SRR10353962_CACAGTAGTCTAAACC",1.00198585975012,0.047818420635313,0.769726408753098,1.21422287656103
"SRR10353962_CACCAGGTCACGCGGT",1.00031355065028,0.0780391682359866,0.794575449348645,1.28212525899173
"SRR10353962_CACCTTGGTCAAACTC",1.00465706787623,0.0272249018394228,0.902260904942306,1.12926219730661
"SRR10353962_CACTCCAAGAGCTATA",1.00422870470086,0.0288899507596951,0.905383366994513,1.28354446197174
"SRR10353962_CACTCCACATTCCTGC",1.00053867430012,0.0687192459875809,0.702768339990742,1.25003542149636
"SRR10353962_CAGGTGCCAGTTCATG",1.00622961676345,0.0573756390139844,0.742860844344968,1.2810544515802
"SRR10353962_CAGTAACGTTATCACG",0.998591206975984,0.0539995690500445,0.751060124058591,1.18780365144666
"SRR10353962_CATATTCAGGCAAAGA",1.00074882998941,0.043984873300503,0.786075679922471,1.15292531908304
"SRR10353962_CATATTCTCGCGTTTC",1.0092109263528,0.0610398362600046,0.764705100429759,1.23928764501839
"SRR10353962_CATCAAGTCGGGAGTA",1.0048599449468,0.0297927667308955,0.895018730439016,1.26236262215195
"SRR10353962_CATCAAGTCGTAGATC",1.00981992230822,0.0621830613856968,0.761739874162327,1.22665430224789
"SRR10353962_CATCAGATCCTTGACC",1.00093281121597,0.0266301631276376,0.875529654525189,1.18656728984012
"SRR10353962_CATCGGGAGGAGTAGA",1.00552705915244,0.0686460945454751,0.740221493602221,1.26746782496862
"SRR10353962_CATGGCGAGACATAAC",1.00464159823143,0.0506517407576449,0.825828746856953,1.20878800252863
"SRR10353962_CCACTACTCTCTAAGG",1.00514359360278,0.0299817263713308,0.909286862063603,1.2765409572287
"SRR10353962_CCATTCGAGACTACAA",1.00279155695302,0.0318004773977644,0.827633854930501,1.1971299360848
"SRR10353962_CCATTCGAGTCCTCCT",0.997671662431687,0.0464512304710993,0.828980405027677,1.18605704875153
"SRR10353962_CCGGTAGGTCGTTGTA",1.00356865078474,0.0493589269878785,0.84664849267444,1.22757376688473
"SRR10353962_CCGTGGAAGCCACCTG",0.997716547540129,0.0483805123666414,0.779918203289428,1.18518844944724
"SRR10353962_CCGTGGAAGGGTTCCC",1.00374461301014,0.0311703405796127,0.840071447600461,1.15542340222695
"SRR10353962_CCGTGGAGTGAGTGAC",1.00559266368892,0.0648917812009097,0.791124755307367,1.27855433724937
"SRR10353962_CCTAAAGCAGGGCATA",1.0035784301581,0.0209825733302766,0.918271465978875,1.18265665136686
"SRR10353962_CCTCAGTAGGCTCTTA",1.00320384144011,0.0145665994023002,1.00124311493397,1.16372469813993
"SRR10353962_CCTTACGGTTGAGGTG",1.00700520969758,0.0657008552047446,0.807826460838242,1.21169552477127
"SRR10353962_CCTTCCCGTCGCATCG",1.00515374481135,0.0335968500401635,0.884806669642098,1.2603780231616
"SRR10353962_CCTTTCTGTATTCTCT",0.999763412360456,0.051991133192733,0.756899557755204,1.18216229189949
"SRR10353962_CGATGGCTCACGATGT",1.00431207257978,0.0261560442100484,0.881881314687523,1.14812731634217
"SRR10353962_CGATGTATCACCTCGT",1.00243147247847,0.0235657480234738,0.909883499589064,1.19362474088779
"SRR10353962_CGCCAAGTCCGGCACA",1.00406288585312,0.0499635004583177,0.797106863402339,1.16602460569688
"SRR10353962_CGCGGTAGTAACGTTC",1.00240736678164,0.0472785356448938,0.766880688218329,1.18830862294695
"SRR10353962_CGCGTTTGTAGCGATG",1.00149480798798,0.0528558798630618,0.777972925247019,1.17621038628957
"SRR10353962_CGCTATCGTACTCAAC",1.00663837957994,0.0399341090318973,0.883406463324262,1.39831560771009
"SRR10353962_CGCTGGACACGGTGTC",1.00186683109263,0.0548507638940711,0.790211498941552,1.24753351582482
"SRR10353962_CGCTGGATCAGCTCTC",1.00249589593501,0.0252399815663496,0.908305774327653,1.20494420730048
"SRR10353962_CGCTTCAGTCCAAGTT",1.00623800252802,0.053020268115896,0.780678179851847,1.20971501390559
"SRR10353962_CGGAGCTTCCAAAGTC",1.00561857226719,0.0256417495155179,0.914918506836869,1.18476100512777
"SRR10353962_CGGAGTCGTTTCGCTC",1.0060500129505,0.0501003607506464,0.768277659004462,1.241831611594
"SRR10353962_CGGAGTCTCCGCAAGC",1.00427341142433,0.0351873127421596,0.832285612092505,1.18594593350467
"SRR10353962_CGGCTAGCACAGACTT",1.00299259045505,0.0206924313941479,0.904316865380614,1.16271650582505
"SRR10353962_CGGCTAGCAGCTTAAC",1.00099583427099,0.0639710065401068,0.758338168087904,1.28464042022292
"SRR10353962_CGGCTAGCAGGGCATA",1.00129587859027,0.0335864623545708,0.881152084439434,1.19814217913051
"SRR10353962_CGGCTAGTCCAGAGGA",1.00521477478335,0.0247097644835065,0.909388152318622,1.18078890645091
"SRR10353962_CGGGTCAAGCCAGTTT",1.00505794790444,0.0580165002329972,0.789673802752022,1.37247815058812
"SRR10353962_CGGTTAATCAGTGTTG",1.0069259392032,0.0511642581529499,0.867662889848965,1.36200715892161
"SRR10353962_CGTAGCGAGACACTAA",1.00144901514344,0.0320248236769694,0.873927350705477,1.18241440775628
"SRR10353962_CGTCACTCAGTCAGCC",1.00408605472086,0.0405400266317624,0.829272577929795,1.27677969273695
"SRR10353962_CGTCCATGTCGAGATG",1.0069963618085,0.0382404740539329,0.853992273834594,1.28606537880667
"SRR10353962_CGTCTACGTGAAATCA",1.00261132645621,0.0214870832556483,0.904630473981536,1.12288556765531
"SRR10353962_CGTGTAAAGAGCTGGT",0.998787781086283,0.0453171376037787,0.762176437220942,1.19262990253015
"SRR10353962_CGTGTAAAGTCGATAA",1.00536591976437,0.0545264231028638,0.81940911792397,1.30050236340233
"SRR10353962_CGTTGGGTCCTATGTT",1.00788115574658,0.0543051847598511,0.774092727973735,1.24201394031432
"SRR10353962_CTAACTTGTCGAATCT",1.00870145550786,0.0615966437054977,0.816373435053923,1.24935336599309
"SRR10353962_CTAAGACAGCTGAACG",0.999111149072547,0.0568015567978435,0.7496131088955,1.21442690763564
"SRR10353962_CTAAGACGTTTGGGCC",1.00400567052155,0.0296057097572251,0.907960833054472,1.30784216691211
"SRR10353962_CTAGAGTTCGGATGGA",1.00078024186106,0.0578918731200122,0.766875035482485,1.23476127990855
"SRR10353962_CTAGTGAGTGCGAAAC",1.00531983735807,0.0370791331114129,0.880147690410494,1.15339574936751
"SRR10353962_CTCACACCAATTCCTT",1.00600280103089,0.0340566439996264,0.887862960893836,1.18344288563804
"SRR10353962_CTCACACGTCTAGGTT",1.00471540939453,0.0549500090271594,0.819298110151752,1.17863613198152
"SRR10353962_CTCACACGTTGATTCG",1.00596590615281,0.0314097453654443,0.906084678781015,1.14952836735894
"SRR10353962_CTCATTACATTATCTC",0.997611885705542,0.0504425939424769,0.739617292748046,1.18943114672497
"SRR10353962_CTCGAAAAGTGAAGAG",1.01123066551937,0.0437439715545751,0.832985934360517,1.20967201842432
"SRR10353962_CTCGGAGCAGTAACGG",1.01126878969116,0.0668989168849216,0.743690500213661,1.31684457798736
"SRR10353962_CTGAAGTAGTCAAGGC",1.00778209569143,0.0418722540175527,0.880858131623681,1.19288487739775
"SRR10353962_CTTAGGACACGAGGTA",1.0037778135864,0.0228897854090783,0.864131537221665,1.16455994784494
"SRR10353962_CTTGGCTGTTCGCTAA",1.00163913790209,0.0481909387020123,0.850072884821006,1.23440930514133
"SRR10353962_GAAATGAAGTGTACTC",1.00356914371848,0.0292372780789003,0.910310431793752,1.29106020230524
"SRR10353962_GAACATCTCAAAGTAG",1.00524638306119,0.0324558771217371,0.904997575922008,1.31261728036469
"SRR10353962_GACAGAGCACCATCCT",1.00378385222226,0.0454971760979948,0.811628657007511,1.20439775922016
"SRR10353962_GACTGCGAGGCGCTCT",1.0023326491239,0.034324820768754,0.879545177466778,1.17972696263814
"SRR10353962_GAGTCCGAGTGTACTC",1.00386092795225,0.0276078414686282,0.900563213921709,1.24147358511945
"SRR10353962_GATCGATGTCGAGATG",0.999568559145432,0.0536365495312713,0.741361292968063,1.2135127890296
"SRR10353962_GATGCTACACCATCCT",1.00625888863125,0.0365578467102352,0.76621963842972,1.18538308965999
"SRR10353962_GCAAACTAGGGCATGT",1.00337202619572,0.0180050011163774,0.91218738632266,1.16749638275885
"SRR10353962_GCAATCAAGCGATCCC",0.998643410198353,0.0545205445528845,0.781152223214663,1.23424056698275
"SRR10353962_GCACATAAGCGGATCA",1.00452875202111,0.0233418620170951,0.913790266417102,1.19659339343226
"SRR10353962_GCACTCTCATTGAGCT",1.00174197909737,0.0549057268142694,0.749585813188429,1.19229171876067
"SRR10353962_GCATACAGTTGGAGGT",1.0049056391745,0.0265742566666638,0.903616188729502,1.15850942866096
"SRR10353962_GCATGATCACGTAAGG",1.00224509937006,0.0520754165275056,0.794490554609979,1.22101346532549
"SRR10353962_GCATGCGCACCTTGTC",0.99909848814102,0.042829527635913,0.829317332041783,1.17361563659315
"SRR10353962_GCATGTAGTACCGGCT",1.00393149834969,0.0324742631039594,0.877001516133509,1.14855021589766
"SRR10353962_GCCAAATTCATTTGGG",0.999129852829065,0.05990118506756,0.82937191824704,1.26543456276733
"SRR10353962_GCCTCTAAGTACGCCC",1.00230945373171,0.0223737532148771,0.894294552040908,1.18844551789312
"SRR10353962_GCGAGAAAGTGGGCTA",1.0056194788794,0.0578598130702495,0.790565421797535,1.3257658210661
"SRR10353962_GCGCAACGTCTAAACC",1.00344110262326,0.0479989993212007,0.774164497086633,1.21928239668478
"SRR10353962_GCGCGATTCATGTCCC",1.00337494359046,0.0680751458521487,0.704919502065136,1.28636009971739
"SRR10353962_GCTCCTAAGTAGGCCA",1.00432326577749,0.0524784673398588,0.792075304807674,1.18653948202124
"SRR10353962_GCTGCTTAGAATTGTG",1.00292587894598,0.0521965195828671,0.769385758899471,1.20144994642067
"SRR10353962_GCTTGAATCCGGCACA",1.00211451458179,0.01383226663697,0.916190005987752,1.09562151050393
"SRR10353962_GGAAAGCGTATTAGCC",1.00642206154348,0.0485194062021301,0.824233200398803,1.18566761854235
"SRR10353962_GGAATAACAATCCGAT",1.00367735082519,0.0656502450580311,0.777763650491517,1.27299738699311
"SRR10353962_GGACGTCAGTACGACG",1.00246128502071,0.0686265321796263,0.706653390310729,1.19984033291331
"SRR10353962_GGAGCAAGTAGGCTGA",1.006075329263,0.0388926979770252,0.823587800892999,1.1775113844249
"SRR10353962_GGATGTTAGTTAGCGG",1.00524021739878,0.0308234218134521,0.850041032923767,1.15916804537435
"SRR10353962_GGATGTTTCATCATTC",1.00338921031038,0.0166514620478751,1.00124311493397,1.17717671494165
"SRR10353962_GGATTACCAAAGGCGT",1.00479256266284,0.0453625013662532,0.829980986342425,1.19559511246225
"SRR10353962_GGCGACTCAATCACAC",1.00272076599327,0.0289700788709462,0.90017500285237,1.17463874133167
"SRR10353962_GGGACCTTCCGCTGTT",1.00268006044143,0.0153105673861366,0.890281775887982,1.14463277772628
"SRR10353962_GTACTTTGTATATGGA",1.00609484265642,0.039215694245275,0.86640759466952,1.24007697198868
"SRR10353962_GTATCTTCATCACGAT",1.00007436392243,0.0364927299074735,0.80802008037475,1.16951911011599
"SRR10353962_GTATTCTGTTAAAGTG",1.00140062443701,0.0476971352104507,0.81313219189945,1.2123101874155
"SRR10353962_GTCAAGTAGGGTTTCT",1.00097834625507,0.0507187972903653,0.801944601303316,1.21787392422172
"SRR10353962_GTCACGGAGAATCTCC",1.00578043696085,0.0296052509239405,0.883058653409615,1.20351565232881
"SRR10353962_GTGTGCGCACATCCAA",1.00233578872703,0.023970758178151,0.904952127252815,1.23771700897051
"SRR10353962_GTTAAGCAGCGATGAC",1.00428211100097,0.0375843127718318,0.865177691313103,1.25323102307881
"SRR10353962_GTTAAGCGTAAATACG",1.00212884897167,0.0644846565804425,0.789976895668163,1.28897329202849
"SRR10353962_GTTACAGCAGATCTGT",1.0039547958914,0.0265709333586251,0.898959512338912,1.19647623855158
"SRR10353962_GTTCGGGGTTCTGTTT",1.00442936178244,0.0343997527184358,0.893249654482338,1.32290220548333
"SRR10353962_GTTTCTACACGCTTTC",1.00215282087492,0.0515243782755954,0.799315197433975,1.23079640329611
"SRR10353962_TAAACCGTCCGAGCCA",1.00922376258094,0.0496612835127074,0.775334621465502,1.23770864072508
"SRR10353962_TAAACCGTCGGTCTAA",1.00608715381822,0.0348503939995373,0.876792483700207,1.27392969068366
"SRR10353962_TACGGATGTCCTAGCG",0.999782022012193,0.0478709605970588,0.766933323279769,1.17358741201541
"SRR10353962_TACGGATTCATCATTC",1.0022033132839,0.0358776962552615,0.849218823888418,1.18529991934842
"SRR10353962_TACGGGCGTACAGTGG",1.0023469433327,0.0412553296342368,0.817477550644222,1.16704371883066
"SRR10353962_TACTCATAGTGTTGAA",0.999229422964675,0.0311298666602118,0.828423098427105,1.14914131045236
"SRR10353962_TAGAGCTAGCCACGCT",1.00363281536301,0.0379865210144385,0.773330744853281,1.2046057164226
"SRR10353962_TAGAGCTAGGCGCTCT",1.00168800878032,0.0142607037747741,0.908052727327925,1.18443116386372
"SRR10353962_TAGAGCTGTCGTCTTC",1.00212483105112,0.0208835798866664,0.901506471794808,1.19496929691322
"SRR10353962_TAGTGGTGTACTCGCG",1.0055436796891,0.0350078234513959,0.878934749760679,1.15432578492365
"SRR10353962_TATGCCCCAGGGAGAG",1.00182688193059,0.0240966539779361,0.851735000320604,1.13810115861708
"SRR10353962_TCAATCTCAGTCGTGC",1.005785279964,0.0397705998094489,0.86948601547093,1.34152485538214
"SRR10353962_TCAGCAAAGGCAGTCA",1.00334159992293,0.0344669884499304,0.86735282769422,1.21869929477996
"SRR10353962_TCAGGTAGTGTAACGG",1.00136553668342,0.0255037239586013,0.835340362525782,1.13531585621516
"SRR10353962_TCATTACAGACAGAGA",1.00767900565849,0.0331086880651606,0.873752583382721,1.21799914244463
"SRR10353962_TCGAGGCAGAGTGACC",1.00175194930744,0.0373317463015125,0.85430094574491,1.20670686852013
"SRR10353962_TCGGGACCATCGGTTA",1.00543040100728,0.0265605917903349,0.89481275193507,1.21876545153529
"SRR10353962_TCTGAGACACAGGTTT",1.0005081121336,0.0161535063532148,0.879432424713556,1.10861872841403
"SRR10353962_TGAAAGAGTTTGGGCC",1.01214977982425,0.047857497556732,0.886102376277646,1.19507261268891
"SRR10353962_TGAAAGATCTGCCAGG",1.00616128218297,0.0486370427089963,0.815693867693843,1.2652329400652
"SRR10353962_TGAGAGGAGCAGCGTA",1.00652284713596,0.0378348254338408,0.888872758451497,1.24232424117537
"SRR10353962_TGATTTCTCGGCGCTA",1.0037319439918,0.0548488372117987,0.771347150229346,1.23206815535008
"SRR10353962_TGCACCTCACACCGAC",1.00095288932789,0.0550375618477627,0.797020292374005,1.20575785577332
"SRR10353962_TGCCAAACACGCTTTC",1.00161401331989,0.0487116470511811,0.808910605793192,1.20538917513451
"SRR10353962_TGCGGGTCAAGTTCTG",1.00667256505612,0.0340885455508061,0.880530495269228,1.22809046767923
"SRR10353962_TGCGTGGGTCATGCAT",1.00562172796852,0.0333780139192734,0.891628446992516,1.28966035458041
"SRR10353962_TGCGTGGTCTATCGCC",1.00955427003632,0.0592494201312726,0.775132330007524,1.28559696620689
"SRR10353962_TGGGCGTGTGCGAAAC",0.996436145570957,0.0475447731088927,0.774531173615525,1.20878451340567
"SRR10353962_TGGTTAGTCGGATGTT",1.00083972647622,0.0522481577694292,0.744356501141585,1.26468276568407
"SRR10353962_TTAGTTCGTTCCCTTG",1.00439545180305,0.0197834068159485,0.918811922176495,1.15644995981235
"SRR10353962_TTATGCTAGATAGCAT",1.00221871541796,0.0322725670647998,0.834073871035803,1.24128180616063
"SRR10353962_TTCGAAGGTTTGGCGC",0.999829565954149,0.04433924209142,0.762091574112059,1.1326788230769
"SRR10353962_TTGAACGCATCGGTTA",1.00396147812363,0.024050652030461,0.902492558549921,1.1729158170641
"SRR10353962_TTTGTCACAGGGATTG",0.999801769888594,0.0478294222115147,0.743794874501859,1.17014377544189
"SRR10353962_TTTGTCAGTTCCGGCA",1.00449860963495,0.0577310733024451,0.804566347490307,1.1625919477873
