"cell_id","sample_id","cell_type","mean_signal","median_signal","sd_signal","min_signal","max_signal"
"SRR10353960_AACTTTCAGAAGGACA","SRR10353960","Neural-like",1.01512032690332,1.0013341229887,0.0859958975517694,0.720789022350408,1.38566309062528
"SRR10353960_AAGGTTCGTGTCTGAT","SRR10353960","Cycling-S-phase",1.01473352446871,1.0013341229887,0.0668868615515993,0.739147101320646,1.35252874109552
"SRR10353960_ACCTTTAGTCTAAAGA","SRR10353960","OPC-like",1.01405312058728,1.0013341229887,0.0783220020122695,0.713146667837365,1.21943167278391
"SRR10353960_ACGCCAGAGTAGGCCA","SRR10353960","Neural-like",1.02342652310069,1.0013341229887,0.19035163322745,0.607944374492574,1.62521898783771
"SRR10353960_ACTTACTAGAGCTGGT","SRR10353960","Neural-like",1.01642392318075,1.0013341229887,0.0690871695104481,0.768711914899764,1.27435172048188
"SRR10353960_AGAATAGTCTATCCCG","SRR10353960","Neural-like",1.01475991716628,1.0013341229887,0.0720008407645608,0.719762503763776,1.43572224780218
"SRR10353960_AGGCCGTGTGATGCCC","SRR10353960","Neural-like",1.01723101731914,1.0013341229887,0.0740555186834695,0.718450599935364,1.42083854160946
"SRR10353960_AGGTCATCATGCATGT","SRR10353960","Neural-like",1.01459255596955,1.0013341229887,0.0912825400264107,0.737400731285513,1.41394356262174
"SRR10353960_AGTGAGGGTTCGTGAT","SRR10353960","OPC-like",1.01527849891402,1.0013341229887,0.0783343552240025,0.726933938902607,1.2825791980318
"SRR10353960_AGTGGGAGTACATCCA","SRR10353960","Neural-like",1.01438787914791,1.0013341229887,0.076509973337926,0.748257807274119,1.60930709324645
"SRR10353960_ATAGACCCAATCTGCA","SRR10353960","Neural-like",1.01450494676087,1.0013341229887,0.076984433803861,0.717705102136696,1.44316092750231
"SRR10353960_ATCATGGCACTTAACG","SRR10353960","Cycling-S-phase",1.01738387384945,1.0013341229887,0.105312402082318,0.65771402027316,1.31637082805413
"SRR10353960_ATCTGCCAGATATACG","SRR10353960","Neural-like",1.01825042739433,1.0013341229887,0.103105008223101,0.744429815337625,1.46055514354929
"SRR10353960_CAAGGCCAGAGTGAGA","SRR10353960","Neural-like",1.01456856160001,1.0013341229887,0.0911273734953441,0.699305480308247,1.51399405267344
"SRR10353960_CACTCCACAAGCCTAT","SRR10353960","Cycling-S-phase",1.01663225889254,1.0013341229887,0.0815712697694485,0.721015117935228,1.40330403858329
"SRR10353960_CACTCCATCAATACCG","SRR10353960","Neural-like",1.017470327209,1.0013341229887,0.0810923835542356,0.724266725886586,1.36975162563717
"SRR10353960_CAGAGAGAGCGATCCC","SRR10353960","Cycling-S-phase",1.01568656938072,1.0013341229887,0.0751852702925126,0.753623226833111,1.45637844376994
"SRR10353960_CAGTAACTCAGTCAGT","SRR10353960","Neural-like",1.01477336843673,1.0013341229887,0.0754179625156278,0.702914346557128,1.43393487633662
"SRR10353960_CAGTCCTCAGTTAACC","SRR10353960","Cycling-S-phase",1.01504189911175,1.0013341229887,0.0798163056346163,0.715378742387046,1.26433986715584
"SRR10353960_CATCGAAAGAGCTGGT","SRR10353960","Neural-like",1.01438975004157,1.0013341229887,0.071060494323919,0.767876040330288,1.24796852654777
"SRR10353960_CATGCCTTCAGGTAAA","SRR10353960","Cycling-S-phase",1.01551479568504,1.0013341229887,0.0793571584253052,0.686464460458212,1.4147284838157
"SRR10353960_CATTATCTCCTGCTTG","SRR10353960","Neural-like",1.01662019311403,1.0013341229887,0.0791846584404189,0.771395591847601,1.25210608414799
"SRR10353960_CATTCGCTCCAACCAA","SRR10353960","OPC-like",1.01530773415559,1.0013341229887,0.0713895720106688,0.734198487139611,1.39436821279297
"SRR10353960_CCCAATCCACAGCCCA","SRR10353960","Neural-like",1.0141858204735,1.0013341229887,0.0823930340671311,0.710147048731231,1.44259603349802
"SRR10353960_CCTACCACAACACGCC","SRR10353960","Cycling-S-phase",1.01483488281505,1.0013341229887,0.0792598720122352,0.694964549445517,1.45420518321697
"SRR10353960_CGACCTTGTAGCTTGT","SRR10353960","Neural-like",1.02241585618062,1.0013341229887,0.0828971396475989,0.735480366355601,1.29164573679472
"SRR10353960_CGAGCACTCAAACGGG","SRR10353960","Neural-like",1.01658059629368,1.0013341229887,0.0839743191263387,0.731108591479992,1.49969119396391
"SRR10353960_CGCCAAGGTCACAAGG","SRR10353960","Neural-like",1.01458529117595,1.0013341229887,0.0820882804218042,0.742325147529437,1.36926690327508
"SRR10353960_CGGACTGTCACCGTAA","SRR10353960","OPC-like",1.01437674211623,1.0013341229887,0.0770890412524972,0.726854650164439,1.42561159872701
"SRR10353960_CGTAGGCTCGCACTCT","SRR10353960","Neural-like",1.01443039359739,1.0013341229887,0.076759194322221,0.802895065967085,1.65221416944587
"SRR10353960_CGTCACTCAAGCTGGA","SRR10353960","Neural-like",1.01418599448363,1.0013341229887,0.0829294000689802,0.681053804043044,1.44980063485721
"SRR10353960_CGTCACTCAGACAAAT","SRR10353960","Neural-like",1.01420093269469,1.0013341229887,0.0780008842573368,0.75358223374878,1.55047470882303
"SRR10353960_CGTCAGGGTAATTGGA","SRR10353960","Neural-like",1.02094260739461,1.0013341229887,0.0736305154094917,0.764958509226735,1.49189177811411
"SRR10353960_CGTCAGGTCCGAATGT","SRR10353960","Neural-like",1.0147424155758,1.0013341229887,0.0817557397696116,0.723778154227804,1.46028455641698
"SRR10353960_CGTCCATTCGTCGTTC","SRR10353960","Cycling-S-phase",1.01464949828508,1.0013341229887,0.0807770885976914,0.744098396577408,1.28914159852278
"SRR10353960_CGTGAGCAGTACACCT","SRR10353960","Neural-like",1.01684001846634,1.0013341229887,0.0752550393180433,0.740537572658697,1.43594378872197
"SRR10353960_CGTTAGAGTCTGATCA","SRR10353960","Neural-like",1.01536053566501,1.0013341229887,0.0740686624198409,0.730257123827844,1.38605290663876
"SRR10353960_CTCATTATCCTCAATT","SRR10353960","Cycling-G2M",1.0168750471985,1.0013341229887,0.173228448042234,0.721387947243474,1.78822329842486
"SRR10353960_CTCCTAGGTAAGTAGT","SRR10353960","Neural-like",1.01467508553958,1.0013341229887,0.0876978759568871,0.670737438699283,1.29001686267636
"SRR10353960_CTCCTAGGTCTAAAGA","SRR10353960","Neural-like",1.01483593568321,1.0013341229887,0.0852021983453997,0.649932537727282,1.34901539107692
"SRR10353960_CTCGAAATCAGCATGT","SRR10353960","Neural-like",1.01862780216101,1.0013341229887,0.0894563943071202,0.754267722354788,1.37205967652113
"SRR10353960_CTCGGAGAGAATAGGG","SRR10353960","Cycling-S-phase",1.01865102148309,1.0013341229887,0.087486227939076,0.688235307776906,1.38625880265747
"SRR10353960_CTCGTACGTTGTCTTT","SRR10353960","Cycling-S-phase",1.01584385665532,1.0013341229887,0.0713481344593982,0.747092761769394,1.25389314277521
"SRR10353960_CTGAAGTAGTTGTCGT","SRR10353960","Neural-like",1.01422142551903,1.0013341229887,0.0855561417095705,0.67390281549236,1.49827078859354
"SRR10353960_CTGATCCAGGGTTTCT","SRR10353960","Neural-like",1.01630005671834,1.0013341229887,0.0989657891034127,0.733303651543147,1.52321557807909
"SRR10353960_CTGTTTATCAACGGGA","SRR10353960","Neural-like",1.01767372322982,1.0013341229887,0.0943455012891978,0.668995816500962,1.40389616799626
"SRR10353960_CTTGGCTAGGCATGTG","SRR10353960","Cycling-S-phase",1.01484590640733,1.0013341229887,0.0836377116038935,0.758661201498062,1.55658578006305
"SRR10353960_GAACATCAGAATCTCC","SRR10353960","Neural-like",1.01661517350906,1.0013341229887,0.0797016379342284,0.754261269924058,1.56982276575632
"SRR10353960_GACGGCTGTTCATGGT","SRR10353960","Neural-like",1.01596311244975,1.0013341229887,0.0906469262276786,0.689797776780462,1.38068398239892
"SRR10353960_GACGTGCAGTTCCACA","SRR10353960","Neural-like",1.0158846532223,1.0013341229887,0.0903754362773641,0.68930258896652,1.45391343719742
"SRR10353960_GACTGCGAGACAGGCT","SRR10353960","Cycling-S-phase",1.01432551249908,1.0013341229887,0.0855760883907443,0.770944153226724,1.32788875584449
"SRR10353960_GCATGTAAGCACAGGT","SRR10353960","Cycling-S-phase",1.01502222446234,1.0013341229887,0.0723091692921112,0.740680587669962,1.42464543076708
"SRR10353960_GCGCAACAGTATCTCG","SRR10353960","Neural-like",1.01493677764736,1.0013341229887,0.0956869825831919,0.713609386729695,1.60251863416432
"SRR10353960_GCGCAGTAGTCGAGTG","SRR10353960","Neural-like",1.01641880561996,1.0013341229887,0.0881176628301122,0.738117712674529,1.35360954627521
"SRR10353960_GCGCAGTGTCAAGCGA","SRR10353960","OPC-like",1.01817113374727,1.0013341229887,0.0760345541801443,0.720869892976572,1.40324410943285
"SRR10353960_GCGCGATCAATACGCT","SRR10353960","Neural-like",1.01413540042817,1.0013341229887,0.0782509524660101,0.680645235587689,1.3564610093766
"SRR10353960_GCTCCTAAGAGTGACC","SRR10353960","Neural-like",1.01500614487228,1.0013341229887,0.0704887873388389,0.75390289127204,1.23647018173039
"SRR10353960_GCTCTGTCAAGGCTCC","SRR10353960","OPC-like",1.01470484973045,1.0013341229887,0.0877407295366972,0.69642753132861,1.44870283744356
"SRR10353960_GGAAAGCTCGTGTAGT","SRR10353960","Highly-Cycling",1.01814532801426,1.0013341229887,0.0849258224360779,0.762726199033432,1.31802840322064
"SRR10353960_GGAACTTGTGGAAAGA","SRR10353960","OPC-like",1.01511606435048,1.0013341229887,0.0743947227080151,0.700350068578509,1.29671870272868
"SRR10353960_GGAATAAAGATGCGAC","SRR10353960","Neural-like",1.01561981764383,1.0013341229887,0.0849658607608623,0.727935329834377,1.48256679703046
"SRR10353960_GGCCGATGTACTCTCC","SRR10353960","OPC-like",1.0182437586874,1.0013341229887,0.0721379009472909,0.768685093515681,1.463680665502
"SRR10353960_GGCTGGTTCCGAAGAG","SRR10353960","OPC-like",1.01486679414166,1.0013341229887,0.0787403204104815,0.662532793281328,1.35188630272665
"SRR10353960_GGTATTGGTAAATGAC","SRR10353960","OPC-like",1.01515229168475,1.0013341229887,0.0744813319624685,0.712438820468839,1.47998729416056
"SRR10353960_GTCACAAAGTAGTGCG","SRR10353960","Neural-like",1.014120888478,1.0013341229887,0.08473675619047,0.710621524927033,1.40098653979489
"SRR10353960_GTCCTCACACCAGATT","SRR10353960","Neural-like",1.01910601486725,1.0013341229887,0.0811442913724512,0.711446632888987,1.58014919119705
"SRR10353960_GTGGGTCCAAGTCTAC","SRR10353960","Neural-like",1.01427426841428,1.0013341229887,0.0905238767458961,0.654720167052223,1.39889970670163
"SRR10353960_GTTCATTGTCGCATCG","SRR10353960","Cycling-S-phase",1.01418412192541,1.0013341229887,0.0827231966356838,0.719108577011618,1.42292151257736
"SRR10353960_TAAACCGGTCAGAAGC","SRR10353960","Neural-like",1.01799797201346,1.0013341229887,0.0822950274110977,0.716175141523537,1.39151125512263
"SRR10353960_TAAGCGTAGCGATCCC","SRR10353960","Neural-like",1.01551407294755,1.0013341229887,0.0751520112109814,0.704917435626489,1.45294428375214
"SRR10353960_TACAGTGTCCATTCTA","SRR10353960","Neural-like",1.01587926989675,1.0013341229887,0.0837000260623475,0.705869486649048,1.29391377109109
"SRR10353960_TACCTTAAGGGTGTTG","SRR10353960","OPC-like",1.01494455926477,1.0013341229887,0.0687856832244537,0.793118915477453,1.35847124225387
"SRR10353960_TAGGCATAGATACACA","SRR10353960","Neural-like",1.02975928151316,1.0013341229887,0.150722784923364,0.632830506001345,1.47897832247422
"SRR10353960_TATCAGGTCAGTTTGG","SRR10353960","Neural-like",1.01589089795356,1.0013341229887,0.0876475922748064,0.748648706740316,1.42689442266528
"SRR10353960_TATGCCCGTCAACTGT","SRR10353960","Cycling-S-phase",1.01545109751228,1.0013341229887,0.0799444368776252,0.750295438215804,1.43993128424615
"SRR10353960_TCACGAAAGTTGAGAT","SRR10353960","Neural-like",1.01414063753669,1.0013341229887,0.0836522673168457,0.757636269673012,1.54110272720446
"SRR10353960_TCAGATGAGACCTTTG","SRR10353960","Neural-like",1.01513611857774,1.0013341229887,0.088065817460221,0.747538078575417,1.36515816376339
"SRR10353960_TCAGCAAGTTGTGGAG","SRR10353960","Neural-like",1.02338224235594,1.0013341229887,0.075615640188833,0.704497679744192,1.36950144689423
"SRR10353960_TCAGGTAGTAGCCTCG","SRR10353960","Neural-like",1.01603145629143,1.0013341229887,0.0800370291536849,0.755604200915692,1.26617097519488
"SRR10353960_TCAGGTAGTTCCCGAG","SRR10353960","Neural-like",1.01515116720465,1.0013341229887,0.0782181410258161,0.755571373216242,1.4553763106477
"SRR10353960_TCTGAGACAGCGATCC","SRR10353960","Cycling-S-phase",1.01450912028371,1.0013341229887,0.0814695644411817,0.793477947056126,1.42013933960166
"SRR10353960_TCTGGAACACGTTGGC","SRR10353960","Neural-like",1.02283272553834,1.0013341229887,0.0883302704831261,0.717110635055183,1.39332300366512
"SRR10353960_TGACGGCCACAGATTC","SRR10353960","Cycling-S-phase",1.01542869347332,1.0013341229887,0.0791573597193051,0.701371078141635,1.49448637428749
"SRR10353960_TGACGGCTCTGCCCTA","SRR10353960","Neural-like",1.01481738521002,1.0013341229887,0.085742259168967,0.72792058521121,1.51518595994828
"SRR10353960_TGAGCATAGTGGTAGC","SRR10353960","Neural-like",1.0154128916901,1.0013341229887,0.0938505334387009,0.750928209066908,1.62804495427565
"SRR10353960_TGCCCTACAACTGGCC","SRR10353960","Neural-like",1.01757099213982,1.0013341229887,0.115460611932798,0.748297615509366,1.44259073054817
"SRR10353960_TGGACGCTCCTGTAGA","SRR10353960","Neural-like",1.01679956887162,1.0013341229887,0.0894162460987043,0.69191444838866,1.39411964347469
"SRR10353960_TGGTTCCGTAAGCACG","SRR10353960","Neural-like",1.01710548302472,1.0013341229887,0.0836904756861289,0.685899653392871,1.47549199007267
"SRR10353960_TTAGGACGTCTCTTAT","SRR10353960","Neural-like",1.01607216894266,1.0013341229887,0.109797434014029,0.71776873988641,1.50940570059762
"SRR10353960_TTGCCGTGTTAAGACA","SRR10353960","Neural-like",1.01808955061353,1.0013341229887,0.0814068933678346,0.785797912629479,1.39991137954347
"SRR10353960_TTGCGTCGTTGGAGGT","SRR10353960","Neural-like",1.01555870722322,1.0013341229887,0.0829952673786678,0.765968354200111,1.50208802120831
"SRR10353961_AAATGCCAGAATGTGT","SRR10353961","Hypoxic-Mesenchymal-like",1.01997950490455,1.0013341229887,0.0766812253594633,0.713242564460531,1.43615000735824
"SRR10353961_AACTGGTAGATGTCGG","SRR10353961","Astrocyte-like",1.01461606991827,1.0013341229887,0.0622703894723966,0.717966281740937,1.23144518959088
"SRR10353961_AAGGCAGAGGAGTCTG","SRR10353961","Hypoxic-Mesenchymal-like",1.01626535985495,1.0013341229887,0.0616808327986524,0.816715421897964,1.23595524053438
"SRR10353961_AATCCAGGTTACGACT","SRR10353961","Astrocyte-like",1.01511142171561,1.0013341229887,0.0730109888110988,0.81046559908742,1.29899920730393
"SRR10353961_ACCGTAACATGGTAGG","SRR10353961","Hypoxic-Mesenchymal-like",1.01460245435127,1.0013341229887,0.0724076152717643,0.772999727192086,1.36777875922337
"SRR10353961_ACGATGTCAATGGAAT","SRR10353961","Hypoxic-Mesenchymal-like",1.02009298886106,1.0013341229887,0.152210660235636,0.778050650512199,1.55958857426696
"SRR10353961_ACTGTCCGTAGCGCTC","SRR10353961","OPC-Neural-like",1.01451480583815,1.0013341229887,0.0769887184178182,0.781691355853651,1.3296281431453
"SRR10353961_AGTAGTCAGTACGCGA","SRR10353961","Hypoxic-Mesenchymal-like",1.01721814194312,1.0013341229887,0.0898989261983954,0.710705676925773,1.45237559040813
"SRR10353961_ATTGGTGTCAGCACAT","SRR10353961","Vascular-Mesenchymal-like",1.01790614102514,1.0013341229887,0.0764390655671867,0.736195731556874,1.29641358179775
"SRR10353961_CACCAGGAGCGCTTAT","SRR10353961","Hypoxic-Mesenchymal-like",1.01518911473089,1.0013341229887,0.0703509011473605,0.757570210880931,1.29587000196221
"SRR10353961_CATATTCAGGAGCGTT","SRR10353961","Cycling-G2M",1.01570130447321,1.0013341229887,0.069662868459244,0.790236542292907,1.257938368111
"SRR10353961_CATGACAGTGTTGAGG","SRR10353961","Vascular-Mesenchymal-like",1.01573227825791,1.0013341229887,0.0729274160805273,0.789275190440251,1.35286834717467
"SRR10353961_CGGGTCATCAGCGACC","SRR10353961","Hypoxic-Mesenchymal-like",1.01482483030979,1.0013341229887,0.0805939843520622,0.81222378469388,1.29481849733248
"SRR10353961_CTCTACGCAAAGGCGT","SRR10353961","OPC-Neural-like",1.01471440721077,1.0013341229887,0.0818287397602163,0.704262982169248,1.34037585765911
"SRR10353961_CTGAAACTCTGGCGTG","SRR10353961","Hypoxic-Mesenchymal-like",1.01560752919774,1.0013341229887,0.0780565207955707,0.798864593723097,1.42102561242955
"SRR10353961_GAACCTATCTCTAGGA","SRR10353961","Hypoxic-Mesenchymal-like",1.01458760329974,1.0013341229887,0.0669282818457457,0.770299088481282,1.22632230957814
"SRR10353961_GACAGAGTCATACGGT","SRR10353961","Vascular-Mesenchymal-like",1.01432359734361,1.0013341229887,0.0664183376445203,0.773529157551557,1.38264922323703
"SRR10353961_GCATACATCGGAGGTA","SRR10353961","Hypoxic-Mesenchymal-like",1.01745686991527,1.0013341229887,0.0872504017709443,0.759284533599299,1.41609335074351
"SRR10353961_GCGCAACCATCGGGTC","SRR10353961","OPC-Neural-like",1.01613762649981,1.0013341229887,0.0787049983802476,0.685729035280281,1.32345062976401
"SRR10353961_GGGCACTGTGACAAAT","SRR10353961","Vascular-Mesenchymal-like",1.0143341903807,1.0013341229887,0.0675599621111697,0.723231875805225,1.37688408654191
"SRR10353961_GGGTCTGAGGCTAGCA","SRR10353961","Hypoxic-Mesenchymal-like",1.01704405727368,1.0013341229887,0.097067000499474,0.683551305969513,1.44987616782901
"SRR10353961_GTACTTTAGTGTTTGC","SRR10353961","OPC-Neural-like",1.01460393090314,1.0013341229887,0.0856595271456669,0.773676321317973,1.33879845837121
"SRR10353961_GTCACGGTCTCGATGA","SRR10353961","Hypoxic-Mesenchymal-like",1.01422510323385,1.0013341229887,0.0741538424031174,0.720200892711437,1.28344786019263
"SRR10353961_GTGAAGGGTGTGGCTC","SRR10353961","OPC-Neural-like",1.01532351652685,1.0013341229887,0.0762419674072377,0.762713605545017,1.35484864022808
"SRR10353961_GTGCATAAGGATGCGT","SRR10353961","Vascular-Mesenchymal-like",1.0147055127854,1.0013341229887,0.0697989596651017,0.710738220544785,1.27588003753423
"SRR10353961_GTGCTTCGTTCTGGTA","SRR10353961","Hypoxic-Mesenchymal-like",1.01529734531111,1.0013341229887,0.0808355598766737,0.706348137519393,1.32814171660853
"SRR10353961_TGGGAAGGTCCAGTAT","SRR10353961","Hypoxic-Mesenchymal-like",1.01442105258339,1.0013341229887,0.0865984707274179,0.757060864538583,1.32426520931742
"SRR10353962_AACTGGTGTCGCATCG","SRR10353962","Mesenchymal-like",1.02537354423422,1.0013341229887,0.0842505309887706,0.82115745532517,1.41376367069142
"SRR10353962_ATTTCTGAGCTAAACA","SRR10353962","Astrocyte-like",1.01540321685816,1.0013341229887,0.0625551191011568,0.856428011586722,1.54738714660879
"SRR10353962_CATCAAGCATTGGGCC","SRR10353962","Cycling-Mixed",1.01486317034627,1.0013341229887,0.0709582324010935,0.816913676379065,1.45544749997002
"SRR10353962_CGCCAAGCAGTAAGCG","SRR10353962","Cycling-Mixed",1.01519278844794,1.0013341229887,0.0665869485592072,0.833083553119975,1.35892205389335
"SRR10353962_CTACACCCATTTGCCC","SRR10353962","Neural-like-mixed",1.18709369845549,1.0013341229887,0.307411226111445,0.843682949638158,2.63772323861686
"SRR10353962_CTGCTGTTCTTCTGGC","SRR10353962","Cycling-Mixed",1.01500980599465,1.0013341229887,0.0700160309027896,0.757433350272847,1.36500084594077
"SRR10353962_CTGTTTACAAAGTCAA","SRR10353962","Neural-like-mixed",1.01414366234639,1.0013341229887,0.0591110778803765,0.792637579544281,1.24564125895319
"SRR10353962_GCGAGAAGTAGCTAAA","SRR10353962","Mesenchymal-like",1.03768809912747,1.0013341229887,0.0999608806062566,0.723243225884096,1.42187451244452
"SRR10353962_GCGCCAACAGATCCAT","SRR10353962","Mesenchymal-like",1.0153470384323,1.0013341229887,0.0794849786472008,0.741143147812146,1.39049173069682
"SRR10353962_GGCGTGTAGATGGCGT","SRR10353962","Cycling-Mixed",1.01798471499521,1.0013341229887,0.069703779773102,0.848228214106601,1.30343821197528
"SRR10353962_GGCGTGTAGGATGGTC","SRR10353962","Neural-like-mixed",1.02057697203459,1.0013341229887,0.116369256779165,0.713439273782757,1.3626467833226
"SRR10353962_GGGAGATTCGCCTGTT","SRR10353962","Mesenchymal-like",1.01563786239289,1.0013341229887,0.0576873443657758,0.849109348052239,1.27968949370462
"SRR10353962_TCGGGACAGCTAGTGG","SRR10353962","Cycling-Mixed",1.01584995447347,1.0013341229887,0.0761420974615073,0.766944615547088,1.4362718852593
"SRR10353962_TGGTTCCGTTCCTCCA","SRR10353962","Neural-like-mixed",1.02192758914514,1.0013341229887,0.119815741398733,0.764485776801532,1.37623724705934
"SRR10353962_TGTCCCAAGGTGATTA","SRR10353962","Mesenchymal-like",1.01523302703919,1.0013341229887,0.0669358574302612,0.769990529578474,1.35643139000994
"SRR10353962_TTGTAGGGTTAAGTAG","SRR10353962","Mesenchymal-like",1.02164786055642,1.0013341229887,0.109869631571917,0.803005546262793,1.38913018706832
